Jugador,Imagen
Robert Lewandowski,https://img.sofascore.com/api/v1/player/41789/image
Ferran Torres,https://img.sofascore.com/api/v1/player/855833/image
Roony Bardghji,https://img.sofascore.com/api/v1/player/1162107/image
Lamine Yamal,https://img.sofascore.com/api/v1/player/1402912/image
Raphinha,https://img.sofascore.com/api/v1/player/831005/image
Pedri,https://img.sofascore.com/api/v1/player/992587/image
Marcus Rashford,https://img.sofascore.com/api/v1/player/814590/image
Pablo Gavi,https://img.sofascore.com/api/v1/player/1103693/image
Frenkie de Jong,https://img.sofascore.com/api/v1/player/795222/image
Dani Olmo,https://img.sofascore.com/api/v1/player/789071/image
Fermín López,https://img.sofascore.com/api/v1/player/1153270/image
Marc Casadó,https://img.sofascore.com/api/v1/player/1000483/image
Marc Bernal,https://img.sofascore.com/api/v1/player/1526618/image
Pau Cubarsí,https://img.sofascore.com/api/v1/player/1402913/image
Jules Koundé,https://img.sofascore.com/api/v1/player/827212/image
Ronald Araújo,https://img.sofascore.com/api/v1/player/925097/image
Alejandro Balde,https://img.sofascore.com/api/v1/player/997035/image
Andreas Christensen,https://img.sofascore.com/api/v1/player/186795/image
Eric García,https://img.sofascore.com/api/v1/player/876214/image
Gerard Martín,https://img.sofascore.com/api/v1/player/1094827/image
Marc-André Ter Stegen,https://img.sofascore.com/api/v1/player/88625/image
Wojciech Szczęsny,https://img.sofascore.com/api/v1/player/50490/image
Joan García,https://img.sofascore.com/api/v1/player/930267/image
Kylian Mbappé,https://img.sofascore.com/api/v1/player/826643/image
Vinícius Júnior,https://img.sofascore.com/api/v1/player/868812/image
Rodrygo,https://img.sofascore.com/api/v1/player/910536/image
Endrick,https://img.sofascore.com/api/v1/player/1174937/image
Gonzalo García,https://img.sofascore.com/api/v1/player/1402716/image
Jude Bellingham,https://img.sofascore.com/api/v1/player/991011/image
Arda Güler,https://img.sofascore.com/api/v1/player/1091116/image
Federico Valverde,https://img.sofascore.com/api/v1/player/831808/image
Brahim Díaz,https://img.sofascore.com/api/v1/player/835485/image
Eduardo Camavinga,https://img.sofascore.com/api/v1/player/973887/image
Franco Mastantuono,https://img.sofascore.com/api/v1/player/1403559/image
Aurélien Tchouaméni,https://img.sofascore.com/api/v1/player/859025/image
Dani Ceballos,https://img.sofascore.com/api/v1/player/547838/image
Mario Martín,https://img.sofascore.com/api/v1/player/1154549/image
Antonio Rüdiger,https://img.sofascore.com/api/v1/player/142622/image
Trent Alexander-Arnold,https://img.sofascore.com/api/v1/player/795064/image
Daniel Carvajal,https://img.sofascore.com/api/v1/player/138572/image
Dean Huijsen,https://img.sofascore.com/api/v1/player/1176744/image
Éder Militão,https://img.sofascore.com/api/v1/player/822519/image
Raúl Asencio,https://img.sofascore.com/api/v1/player/1156645/image
David Alaba,https://img.sofascore.com/api/v1/player/66492/image
Álvaro Carreras,https://img.sofascore.com/api/v1/player/1085081/image
Ferland Mendy,https://img.sofascore.com/api/v1/player/792073/image
Fran García,https://img.sofascore.com/api/v1/player/851271/image
Joan Martínez,https://img.sofascore.com/api/v1/player/1562659/image
Thibaut Courtois,https://img.sofascore.com/api/v1/player/70988/image
Andriy Lunin,https://img.sofascore.com/api/v1/player/857574/image
Georges Mikautadze,https://img.sofascore.com/api/v1/player/1009372/image
Nicolas Pépé,https://img.sofascore.com/api/v1/player/593526/image
Ayoze Pérez,https://img.sofascore.com/api/v1/player/345195/image
Gerard Moreno,https://img.sofascore.com/api/v1/player/146866/image
Tani Oluwaseyi,https://img.sofascore.com/api/v1/player/1172477/image
Pau Cabanes,https://img.sofascore.com/api/v1/player/1863206/image
Thomas Partey,https://img.sofascore.com/api/v1/player/316148/image
Pape Gueye,https://img.sofascore.com/api/v1/player/879694/image
Ilias Akhomach,https://img.sofascore.com/api/v1/player/1089108/image
Tajon Buchanan,https://img.sofascore.com/api/v1/player/973290/image
Manor Solomon,https://img.sofascore.com/api/v1/player/862223/image
Alberto Moleiro,https://img.sofascore.com/api/v1/player/1012444/image
Dani Parejo,https://img.sofascore.com/api/v1/player/39182/image
Santi Comesaña,https://img.sofascore.com/api/v1/player/843678/image
Alassane Diatta,https://img.sofascore.com/api/v1/player/1893907/image
Carlos Macia,https://img.sofascore.com/api/v1/player/2238900/image
Renato Veiga,https://img.sofascore.com/api/v1/player/1087359/image
Juan Foyth,https://img.sofascore.com/api/v1/player/873189/image
Rafa Marín,https://img.sofascore.com/api/v1/player/984623/image
Santiago Mouriño,https://img.sofascore.com/api/v1/player/1468046/image
Willy Kambwala,https://img.sofascore.com/api/v1/player/1136721/image
Sergi Cardona,https://img.sofascore.com/api/v1/player/986245/image
Logan Costa,https://img.sofascore.com/api/v1/player/911853/image
Alfonso Pedraza,https://img.sofascore.com/api/v1/player/797290/image
Adrià Altimira,https://img.sofascore.com/api/v1/player/980732/image
Pau Navarro,https://img.sofascore.com/api/v1/player/1525863/image
Arnau Tenas,https://img.sofascore.com/api/v1/player/908714/image
Luiz Júnior,https://img.sofascore.com/api/v1/player/1066603/image
Diego Conde,https://img.sofascore.com/api/v1/player/951008/image
Julián Alvarez,https://img.sofascore.com/api/v1/player/944656/image
Antoine Griezmann,https://img.sofascore.com/api/v1/player/85859/image
Alexander Sørloth,https://img.sofascore.com/api/v1/player/309078/image
Giacomo Raspadori,https://img.sofascore.com/api/v1/player/865651/image
Carlos Martín,https://img.sofascore.com/api/v1/player/1131581/image
Thiago Almada,https://img.sofascore.com/api/v1/player/944660/image
Nicolás González,https://img.sofascore.com/api/v1/player/901325/image
Conor Gallagher,https://img.sofascore.com/api/v1/player/904970/image
Giuliano Simeone,https://img.sofascore.com/api/v1/player/1099352/image
Alejandro Baena,https://img.sofascore.com/api/v1/player/910031/image
Pablo Barrios,https://img.sofascore.com/api/v1/player/1142588/image
Koke,https://img.sofascore.com/api/v1/player/84539/image
Johnny Cardoso,https://img.sofascore.com/api/v1/player/990169/image
Matteo Ruggeri,https://img.sofascore.com/api/v1/player/965011/image
Nahuel Molina,https://img.sofascore.com/api/v1/player/831799/image
Marcos Llorente,https://img.sofascore.com/api/v1/player/353138/image
Clément Lenglet,https://img.sofascore.com/api/v1/player/580550/image
Robin Le Normand,https://img.sofascore.com/api/v1/player/787751/image
José María Giménez,https://img.sofascore.com/api/v1/player/325355/image
Dávid Hancko,https://img.sofascore.com/api/v1/player/807771/image
Javi Galán,https://img.sofascore.com/api/v1/player/825133/image
Marc Pubill,https://img.sofascore.com/api/v1/player/1094106/image
Dani Martinez,https://img.sofascore.com/api/v1/player/1414932/image
Jan Oblak,https://img.sofascore.com/api/v1/player/69768/image
Juan Musso,https://img.sofascore.com/api/v1/player/263651/image
Salvador Esquivel,https://img.sofascore.com/api/v1/player/1426824/image
Roberto Fernández,https://img.sofascore.com/api/v1/player/1392592/image
Kike García,https://img.sofascore.com/api/v1/player/84972/image
Charles Pickel,https://img.sofascore.com/api/v1/player/758664/image
Luca Koleosho,https://img.sofascore.com/api/v1/player/1216282/image
Javi Puado,https://img.sofascore.com/api/v1/player/891511/image
Edu Expósito,https://img.sofascore.com/api/v1/player/877262/image
Pere Milla,https://img.sofascore.com/api/v1/player/175185/image
Tyrhys Dolan,https://img.sofascore.com/api/v1/player/1063015/image
Ramón Terrats,https://img.sofascore.com/api/v1/player/1088565/image
Pol Lozano,https://img.sofascore.com/api/v1/player/826010/image
Urko González,https://img.sofascore.com/api/v1/player/1064009/image
Jofre Carreras,https://img.sofascore.com/api/v1/player/1019236/image
Antoniu Roca,https://img.sofascore.com/api/v1/player/1099344/image
Javier Hernandez,https://img.sofascore.com/api/v1/player/1514913/image
Omar El Hilali,https://img.sofascore.com/api/v1/player/1064026/image
Carlos Romero,https://img.sofascore.com/api/v1/player/1396048/image
Leandro Cabrera,https://img.sofascore.com/api/v1/player/81992/image
Clemens Riedel,https://img.sofascore.com/api/v1/player/1129360/image
Fernando Calero,https://img.sofascore.com/api/v1/player/857205/image
Miguel Rubio,https://img.sofascore.com/api/v1/player/934351/image
Jose Salinas,https://img.sofascore.com/api/v1/player/1068891/image
Rubén Sánchez,https://img.sofascore.com/api/v1/player/1021165/image
Marko Dmitrović,https://img.sofascore.com/api/v1/player/94527/image
Angel Fortuno,https://img.sofascore.com/api/v1/player/1082734/image
Llorenç Serred,https://img.sofascore.com/api/v1/player/1823560/image
Cédric Bakambu,https://img.sofascore.com/api/v1/player/115665/image
Cucho Hernández,https://img.sofascore.com/api/v1/player/887055/image
Chimy Ávila,https://img.sofascore.com/api/v1/player/789381/image
Antony,https://img.sofascore.com/api/v1/player/958380/image
Abdessamad Ezzalzouli,https://img.sofascore.com/api/v1/player/1011375/image
Sofyan Amrabat,https://img.sofascore.com/api/v1/player/359272/image
Isco,https://img.sofascore.com/api/v1/player/103417/image
Giovani Lo Celso,https://img.sofascore.com/api/v1/player/798835/image
Rodrigo Riquelme,https://img.sofascore.com/api/v1/player/989113/image
Nelson Deossa,https://img.sofascore.com/api/v1/player/1129401/image
Pablo Fornals,https://img.sofascore.com/api/v1/player/816763/image
Pablo García,https://img.sofascore.com/api/v1/player/1893910/image
Marc Roca,https://img.sofascore.com/api/v1/player/847128/image
Sergi Altimira,https://img.sofascore.com/api/v1/player/1137814/image
Héctor Bellerín,https://img.sofascore.com/api/v1/player/188365/image
Natan,https://img.sofascore.com/api/v1/player/1015287/image
Junior Firpo,https://img.sofascore.com/api/v1/player/914835/image
Valentín Gómez,https://img.sofascore.com/api/v1/player/1186010/image
Marc Bartra,https://img.sofascore.com/api/v1/player/99519/image
Ricardo Rodríguez,https://img.sofascore.com/api/v1/player/67769/image
Diego Llorente,https://img.sofascore.com/api/v1/player/305278/image
Aitor Ruibal,https://img.sofascore.com/api/v1/player/893062/image
Angel Ortiz,https://img.sofascore.com/api/v1/player/1152139/image
Adrián,https://img.sofascore.com/api/v1/player/50539/image
Pau López,https://img.sofascore.com/api/v1/player/548848/image
Álvaro Valles,https://img.sofascore.com/api/v1/player/964983/image
Manuel Gonzalez Pallares,https://img.sofascore.com/api/v1/player/1868467/image
Maroan Sannadi,https://img.sofascore.com/api/v1/player/1520799/image
Gorka Guruzeta,https://img.sofascore.com/api/v1/player/605672/image
Urko Izeta,https://img.sofascore.com/api/v1/player/1430667/image
Nico Williams,https://img.sofascore.com/api/v1/player/1085400/image
Iñaki Williams,https://img.sofascore.com/api/v1/player/783374/image
Oihan Sancet,https://img.sofascore.com/api/v1/player/966801/image
Álex Berenguer,https://img.sofascore.com/api/v1/player/592012/image
Mikel Jauregizar,https://img.sofascore.com/api/v1/player/1495844/image
Iñigo Ruiz de Galarreta,https://img.sofascore.com/api/v1/player/96365/image
Robert Navarro,https://img.sofascore.com/api/v1/player/944165/image
Unai Gómez,https://img.sofascore.com/api/v1/player/1391375/image
Beñat Prados,https://img.sofascore.com/api/v1/player/1012409/image
Mikel Vesga,https://img.sofascore.com/api/v1/player/359742/image
Nico Serrano,https://img.sofascore.com/api/v1/player/1019318/image
Alejandro Rego,https://img.sofascore.com/api/v1/player/2110897/image
Endika Buján,https://img.sofascore.com/api/v1/player/1516599/image
Eder Garcia,https://img.sofascore.com/api/v1/player/1425060/image
Aymeric Laporte,https://img.sofascore.com/api/v1/player/149734/image
Daniel Vivian,https://img.sofascore.com/api/v1/player/910978/image
Adama Boiro,https://img.sofascore.com/api/v1/player/1398511/image
Yuri Berchiche,https://img.sofascore.com/api/v1/player/84531/image
Aitor Paredes,https://img.sofascore.com/api/v1/player/959872/image
Yeray Álvarez,https://img.sofascore.com/api/v1/player/807648/image
Jesús Areso,https://img.sofascore.com/api/v1/player/910267/image
Andoni Gorosabel,https://img.sofascore.com/api/v1/player/866810/image
Íñigo Lekue,https://img.sofascore.com/api/v1/player/801837/image
Unai Eguíluz,https://img.sofascore.com/api/v1/player/1391374/image
Iker Monreal,https://img.sofascore.com/api/v1/player/2290278/image
Unai Simón,https://img.sofascore.com/api/v1/player/797291/image
Alex Padilla,https://img.sofascore.com/api/v1/player/1155116/image
Borja Mayoral,https://img.sofascore.com/api/v1/player/604954/image
Adrian Liso,https://img.sofascore.com/api/v1/player/1515554/image
Juanmi,https://img.sofascore.com/api/v1/player/96369/image
Mario Martín,https://img.sofascore.com/api/v1/player/1154549/image
Luis Milla,https://img.sofascore.com/api/v1/player/811629/image
Mauro Arambarri,https://img.sofascore.com/api/v1/player/385888/image
Yvan Neyou,https://img.sofascore.com/api/v1/player/869931/image
Abu Kamara,https://img.sofascore.com/api/v1/player/1087476/image
Coba da Costa,https://img.sofascore.com/api/v1/player/1392054/image
Javier Muñoz,https://img.sofascore.com/api/v1/player/353154/image
Álex Sancris,https://img.sofascore.com/api/v1/player/1398518/image
Abdelkabir Abqar,https://img.sofascore.com/api/v1/player/1101232/image
Djené,https://img.sofascore.com/api/v1/player/307702/image
Ismael Bekhoucha,https://img.sofascore.com/api/v1/player/1895964/image
Allan Nyom,https://img.sofascore.com/api/v1/player/128637/image
Domingos Duarte,https://img.sofascore.com/api/v1/player/576276/image
Diego Rico,https://img.sofascore.com/api/v1/player/350560/image
Juan Iglesias,https://img.sofascore.com/api/v1/player/949707/image
Kiko Femenía,https://img.sofascore.com/api/v1/player/53739/image
Davinchi,https://img.sofascore.com/api/v1/player/1918369/image
David Soria,https://img.sofascore.com/api/v1/player/604258/image
Jiří Letáček,https://img.sofascore.com/api/v1/player/826047/image
Álvaro Rodriguez,https://img.sofascore.com/api/v1/player/1154587/image
André Silva,https://img.sofascore.com/api/v1/player/190159/image
Rafa Mir,https://img.sofascore.com/api/v1/player/825754/image
Adam Boayar,https://img.sofascore.com/api/v1/player/1518971/image
Ali Houary,https://img.sofascore.com/api/v1/player/1516812/image
Piri,https://img.sofascore.com/api/v1/player/1521964/image
Federico Redondo,https://img.sofascore.com/api/v1/player/1117026/image
Grady Diangana,https://img.sofascore.com/api/v1/player/848512/image
Rodrigo Mendoza,https://img.sofascore.com/api/v1/player/1391752/image
Aleix Febas,https://img.sofascore.com/api/v1/player/286167/image
Martim Neto,https://img.sofascore.com/api/v1/player/1100646/image
Germán Valera,https://img.sofascore.com/api/v1/player/962710/image
Yago Santiago,https://img.sofascore.com/api/v1/player/1092515/image
Marc Aguado,https://img.sofascore.com/api/v1/player/1014595/image
Josan,https://img.sofascore.com/api/v1/player/808955/image
Hector Fort,https://img.sofascore.com/api/v1/player/1402908/image
David Affengruber,https://img.sofascore.com/api/v1/player/988672/image
Adrià Pedrosa,https://img.sofascore.com/api/v1/player/928672/image
Víctor Chust,https://img.sofascore.com/api/v1/player/855831/image
Alvaro Núñez,https://img.sofascore.com/api/v1/player/1012410/image
Pedro Bigas,https://img.sofascore.com/api/v1/player/141832/image
Léo Pétrot,https://img.sofascore.com/api/v1/player/827504/image
Bambo Diaby,https://img.sofascore.com/api/v1/player/849731/image
John Nwankwo,https://img.sofascore.com/api/v1/player/1094758/image
Nico Salvador,https://www.sofascore.com/static/images/placeholders/player.svg
Iñaki Peña,https://img.sofascore.com/api/v1/player/794949/image
Matías Dituro,https://img.sofascore.com/api/v1/player/556884/image
Alejandro Iturbe,https://img.sofascore.com/api/v1/player/1019324/image
Iago Aspas,https://img.sofascore.com/api/v1/player/19356/image
Bryan Zaragoza,https://img.sofascore.com/api/v1/player/1084730/image
Ferran Jutglà,https://img.sofascore.com/api/v1/player/949962/image
Borja Iglesias,https://img.sofascore.com/api/v1/player/785989/image
Pablo Durán,https://img.sofascore.com/api/v1/player/1398524/image
Ilaix Moriba,https://img.sofascore.com/api/v1/player/962890/image
Óscar Mingueza,https://img.sofascore.com/api/v1/player/859773/image
Jones El-Abdellaoui,https://img.sofascore.com/api/v1/player/1173575/image
Williot Swedberg,https://img.sofascore.com/api/v1/player/1126779/image
Franco Cervi,https://img.sofascore.com/api/v1/player/557008/image
Hugo Álvarez,https://img.sofascore.com/api/v1/player/1154935/image
Hugo Sotelo,https://img.sofascore.com/api/v1/player/1120669/image
Fran Beltrán,https://img.sofascore.com/api/v1/player/835484/image
Sergio Carreira,https://img.sofascore.com/api/v1/player/1002764/image
Damián Rodríguez,https://img.sofascore.com/api/v1/player/1216080/image
Miguel Román,https://img.sofascore.com/api/v1/player/1398526/image
Andrés Antañón,https://img.sofascore.com/api/v1/player/1916256/image
Marcos Alonso,https://img.sofascore.com/api/v1/player/69408/image
Joseph Aidoo,https://img.sofascore.com/api/v1/player/796320/image
Carl Starfelt,https://img.sofascore.com/api/v1/player/360718/image
Mihailo Ristić,https://img.sofascore.com/api/v1/player/363774/image
Javi Rodríguez,https://img.sofascore.com/api/v1/player/1526627/image
Javier Rueda,https://img.sofascore.com/api/v1/player/1008259/image
Carlos Domínguez,https://img.sofascore.com/api/v1/player/1069703/image
Yoel Lago,https://img.sofascore.com/api/v1/player/1145100/image
Manu Fernández,https://img.sofascore.com/api/v1/player/1630975/image
Pablo Gonzalez Meixus,https://img.sofascore.com/api/v1/player/2399599/image
Ionuț Radu,https://img.sofascore.com/api/v1/player/815202/image
Iván Villar,https://img.sofascore.com/api/v1/player/848980/image
Marc Vidal,https://img.sofascore.com/api/v1/player/905443/image
Mariano Díaz,https://img.sofascore.com/api/v1/player/175753/image
Lucas Boyé,https://img.sofascore.com/api/v1/player/814385/image
Toni Martínez,https://img.sofascore.com/api/v1/player/831253/image
Izei Hernandez,https://img.sofascore.com/api/v1/player/2398123/image
Aitor Mañas,https://img.sofascore.com/api/v1/player/1639543/image
Youssef Enriquez Lekhedim,https://img.sofascore.com/api/v1/player/1403364/image
Carles Aleñá,https://img.sofascore.com/api/v1/player/794937/image
Antonio Blanco,https://img.sofascore.com/api/v1/player/855832/image
Denis Suárez,https://img.sofascore.com/api/v1/player/138383/image
Carlos Vicente,https://img.sofascore.com/api/v1/player/1084399/image
Abderrahman Rebbach,https://img.sofascore.com/api/v1/player/1082968/image
Calebe Gonçalves,https://img.sofascore.com/api/v1/player/1046796/image
Carlos Benavídez,https://img.sofascore.com/api/v1/player/873717/image
Jon Guridi,https://img.sofascore.com/api/v1/player/788141/image
Pablo Ibáñez,https://img.sofascore.com/api/v1/player/1084381/image
Ander Guevara,https://img.sofascore.com/api/v1/player/891931/image
Facundo Garcés,https://img.sofascore.com/api/v1/player/879875/image
Nahuel Tenaglia,https://img.sofascore.com/api/v1/player/896073/image
Moussa Diarra,https://img.sofascore.com/api/v1/player/985262/image
Jonny Otto,https://img.sofascore.com/api/v1/player/235648/image
Jon Pacheco,https://img.sofascore.com/api/v1/player/934383/image
Nikola Maraš,https://img.sofascore.com/api/v1/player/101156/image
Victor Parada,https://img.sofascore.com/api/v1/player/985726/image
Xanet Olaiz,https://img.sofascore.com/api/v1/player/1606695/image
Antonio Sivera,https://img.sofascore.com/api/v1/player/369004/image
Raúl Fernández,https://img.sofascore.com/api/v1/player/31828/image
Alemão,https://img.sofascore.com/api/v1/player/981604/image
Sergio Camello,https://img.sofascore.com/api/v1/player/910024/image
Randy Nteka,https://img.sofascore.com/api/v1/player/932764/image
Ivan Alonso Martin,https://img.sofascore.com/api/v1/player/2399595/image
Pathé Ismaël Ciss,https://img.sofascore.com/api/v1/player/913679/image
Isi Palazón,https://img.sofascore.com/api/v1/player/899982/image
Jorge de Frutos,https://img.sofascore.com/api/v1/player/900003/image
Álvaro García,https://img.sofascore.com/api/v1/player/345111/image
Pedro Díaz,https://img.sofascore.com/api/v1/player/900669/image
Óscar Trejo,https://img.sofascore.com/api/v1/player/21949/image
Unai López,https://img.sofascore.com/api/v1/player/588566/image
Fran Pérez,https://img.sofascore.com/api/v1/player/966637/image
Óscar Valentín,https://img.sofascore.com/api/v1/player/900008/image
Gerard Gumbau,https://img.sofascore.com/api/v1/player/326471/image
Diego Mendez,https://img.sofascore.com/api/v1/player/1392573/image
Samu Becerra,https://img.sofascore.com/api/v1/player/2198232/image
Marco Román,https://www.sofascore.com/static/images/placeholders/player.svg
Andrei Rațiu,https://img.sofascore.com/api/v1/player/965031/image
Nobel Mendy,https://img.sofascore.com/api/v1/player/1458073/image
Abdul Mumin,https://img.sofascore.com/api/v1/player/846147/image
Luiz Felipe,https://img.sofascore.com/api/v1/player/850035/image
Florian Lejeune,https://img.sofascore.com/api/v1/player/88528/image
Iván Balliu,https://img.sofascore.com/api/v1/player/152446/image
Josep Chavarría,https://img.sofascore.com/api/v1/player/1010421/image
Alfonso Espino,https://img.sofascore.com/api/v1/player/542634/image
Jozhua Vertrouwd,https://img.sofascore.com/api/v1/player/1120947/image
Augusto Batalla,https://img.sofascore.com/api/v1/player/358910/image
Dani Cárdenas,https://img.sofascore.com/api/v1/player/965832/image
Adrián Molina,https://img.sofascore.com/api/v1/player/1893144/image
Alexis Sánchez,https://img.sofascore.com/api/v1/player/34120/image
Akor Adams,https://img.sofascore.com/api/v1/player/946381/image
Isaac Romero,https://img.sofascore.com/api/v1/player/1018190/image
Alfon González,https://img.sofascore.com/api/v1/player/1468090/image
Miguel Angel Sierra,https://img.sofascore.com/api/v1/player/2236406/image
Gabriel Suazo,https://img.sofascore.com/api/v1/player/818986/image
Ruben Vargas,https://img.sofascore.com/api/v1/player/872919/image
Chidera Ejuke,https://img.sofascore.com/api/v1/player/875890/image
Lucien Agoumé,https://img.sofascore.com/api/v1/player/960006/image
Djibril Sow,https://img.sofascore.com/api/v1/player/799054/image
Nemanja Gudelj,https://img.sofascore.com/api/v1/player/68332/image
Adnan Januzaj,https://img.sofascore.com/api/v1/player/328145/image
Juanlu Sánchez,https://img.sofascore.com/api/v1/player/1010655/image
Batista Mendy,https://img.sofascore.com/api/v1/player/859021/image
Peque Fernández,https://img.sofascore.com/api/v1/player/997033/image
Joan Jordán,https://img.sofascore.com/api/v1/player/591750/image
Manu Bueno,https://img.sofascore.com/api/v1/player/1142094/image
Miguel Sierra,https://img.sofascore.com/api/v1/player/1518564/image
Edu Altozano,https://img.sofascore.com/api/v1/player/1489246/image
César Azpilicueta,https://img.sofascore.com/api/v1/player/21555/image
Tanguy Nianzou,https://img.sofascore.com/api/v1/player/1003007/image
Marcão,https://img.sofascore.com/api/v1/player/840951/image
José Ángel Carmona,https://img.sofascore.com/api/v1/player/1015240/image
Kike Salas,https://img.sofascore.com/api/v1/player/1097719/image
Fábio Cardoso,https://img.sofascore.com/api/v1/player/252815/image
Ramón Martínez,https://img.sofascore.com/api/v1/player/1090681/image
Andres Castrin,https://img.sofascore.com/api/v1/player/1428699/image
Odysseas Vlachodimos,https://img.sofascore.com/api/v1/player/138149/image
Ørjan Nyland,https://img.sofascore.com/api/v1/player/22209/image
Álvaro Fernández,https://img.sofascore.com/api/v1/player/852412/image
Mikel Oyarzabal,https://img.sofascore.com/api/v1/player/823622/image
Gonçalo Guedes,https://img.sofascore.com/api/v1/player/280979/image
Umar Sadiq,https://img.sofascore.com/api/v1/player/754710/image
Orri Steinn Óskarsson,https://img.sofascore.com/api/v1/player/1026015/image
Ander Barrenetxea,https://img.sofascore.com/api/v1/player/966862/image
Jon Karrikaburu,https://img.sofascore.com/api/v1/player/1099175/image
Gorka Carrera,https://img.sofascore.com/api/v1/player/2223888/image
Takefusa Kubo,https://img.sofascore.com/api/v1/player/880218/image
Luka Sučić,https://img.sofascore.com/api/v1/player/949156/image
Sergio Gómez,https://img.sofascore.com/api/v1/player/855835/image
Yangel Herrera,https://img.sofascore.com/api/v1/player/839585/image
Arsen Zakharyan,https://img.sofascore.com/api/v1/player/1066045/image
Carlos Soler,https://img.sofascore.com/api/v1/player/832427/image
Brais Méndez,https://img.sofascore.com/api/v1/player/845385/image
Beñat Turrientes,https://img.sofascore.com/api/v1/player/980410/image
Jon Gorrotxategi,https://img.sofascore.com/api/v1/player/1216309/image
Pablo Marín,https://img.sofascore.com/api/v1/player/1139409/image
Mikel Goti,https://img.sofascore.com/api/v1/player/1136702/image
Tomy Carbonell,https://img.sofascore.com/api/v1/player/1923055/image
Jon Aramburu,https://img.sofascore.com/api/v1/player/1116388/image
Duje Ćaleta-Car,https://img.sofascore.com/api/v1/player/257091/image
Álvaro Odriozola,https://img.sofascore.com/api/v1/player/353250/image
Jon Martin,https://img.sofascore.com/api/v1/player/1466116/image
Igor Zubeldia,https://img.sofascore.com/api/v1/player/838159/image
Aritz Elustondo,https://img.sofascore.com/api/v1/player/785468/image
Aihen Muñoz,https://img.sofascore.com/api/v1/player/966441/image
Iñaki Rupérez,https://img.sofascore.com/api/v1/player/1657024/image
Álex Remiro,https://img.sofascore.com/api/v1/player/791773/image
Unai Marrero,https://img.sofascore.com/api/v1/player/1094782/image
Theo Mickael Kevin Folgado Null,https://img.sofascore.com/api/v1/player/2237804/image
Victor Muñoz,https://img.sofascore.com/api/v1/player/1145642/image
Ante Budimir,https://img.sofascore.com/api/v1/player/37318/image
Sheraldo Becker,https://img.sofascore.com/api/v1/player/352544/image
Raúl García de Haro,https://img.sofascore.com/api/v1/player/997280/image
Iker Benito,https://img.sofascore.com/api/v1/player/1086346/image
Kike Barja,https://img.sofascore.com/api/v1/player/591132/image
Aimar Oroz,https://img.sofascore.com/api/v1/player/985329/image
Rubén García,https://img.sofascore.com/api/v1/player/260031/image
Lucas Torró,https://img.sofascore.com/api/v1/player/187313/image
Jon Moncayola,https://img.sofascore.com/api/v1/player/976141/image
Moi Gómez,https://img.sofascore.com/api/v1/player/149370/image
Iker Muñoz,https://img.sofascore.com/api/v1/player/1119586/image
Asier Osambela,https://img.sofascore.com/api/v1/player/1399702/image
Flavien Boyomo,https://img.sofascore.com/api/v1/player/1067582/image
Alejandro Catena,https://img.sofascore.com/api/v1/player/900792/image
Valentin Rosier,https://img.sofascore.com/api/v1/player/842419/image
Abel Bretones,https://img.sofascore.com/api/v1/player/1010165/image
Juan Cruz,https://img.sofascore.com/api/v1/player/897902/image
Jorge Herrando,https://img.sofascore.com/api/v1/player/944225/image
Sergio Herrera,https://img.sofascore.com/api/v1/player/294377/image
Aitor Fernández,https://img.sofascore.com/api/v1/player/99516/image
Arnaut Danjuma,https://img.sofascore.com/api/v1/player/827064/image
Hugo Duro,https://img.sofascore.com/api/v1/player/909119/image
Dani Raba,https://img.sofascore.com/api/v1/player/873947/image
Marc Jurado Manzano,https://img.sofascore.com/api/v1/player/2399597/image
Lucas Beltrán,https://img.sofascore.com/api/v1/player/962029/image
Javier Guerra,https://img.sofascore.com/api/v1/player/1122610/image
Pepelu,https://img.sofascore.com/api/v1/player/826948/image
Largie Ramazani,https://img.sofascore.com/api/v1/player/909966/image
Diego López,https://img.sofascore.com/api/v1/player/998950/image
André Almeida,https://img.sofascore.com/api/v1/player/845693/image
Luis Rioja,https://img.sofascore.com/api/v1/player/900433/image
Filip Ugrinić,https://img.sofascore.com/api/v1/player/857482/image
Baptiste Santamaria,https://img.sofascore.com/api/v1/player/344751/image
Mouctar Diakhaby,https://img.sofascore.com/api/v1/player/797306/image
José Luis Gayà,https://img.sofascore.com/api/v1/player/227922/image
César Tárrega,https://img.sofascore.com/api/v1/player/996928/image
Thierry Correia,https://img.sofascore.com/api/v1/player/851282/image
Eray Cömert,https://img.sofascore.com/api/v1/player/814023/image
Dimitri Foulquier,https://img.sofascore.com/api/v1/player/151138/image
José Copete,https://img.sofascore.com/api/v1/player/913695/image
Jesús Vázquez,https://img.sofascore.com/api/v1/player/996929/image
Joel Fontanet Paredes,https://www.sofascore.com/static/images/placeholders/player.svg
Julen Agirrezabala,https://img.sofascore.com/api/v1/player/1014412/image
Stole Dimitrievski,https://img.sofascore.com/api/v1/player/97951/image
Cristian Rivero,https://img.sofascore.com/api/v1/player/914744/image
Vedat Muriqi,https://img.sofascore.com/api/v1/player/310874/image
Mateo Joseph,https://img.sofascore.com/api/v1/player/1170693/image
Abdón Prats,https://img.sofascore.com/api/v1/player/146852/image
Pablo Torre,https://img.sofascore.com/api/v1/player/1082981/image
Jan Virgili,https://img.sofascore.com/api/v1/player/1939173/image
Takuma Asano,https://img.sofascore.com/api/v1/player/309546/image
Samú Costa,https://img.sofascore.com/api/v1/player/988351/image
Sergi Darder,https://img.sofascore.com/api/v1/player/110783/image
Dani Rodríguez,https://img.sofascore.com/api/v1/player/349526/image
Omar Mascarell,https://img.sofascore.com/api/v1/player/255999/image
Manu Morlanes,https://img.sofascore.com/api/v1/player/826004/image
Antonio Sánchez,https://img.sofascore.com/api/v1/player/949722/image
Marc Domenech,https://img.sofascore.com/api/v1/player/1914318/image
Javi Llabrés,https://img.sofascore.com/api/v1/player/1162309/image
Johan Mojica,https://img.sofascore.com/api/v1/player/344847/image
Pablo Maffeo,https://img.sofascore.com/api/v1/player/788216/image
Marash Kumbulla,https://img.sofascore.com/api/v1/player/893642/image
Antonio Raíllo,https://img.sofascore.com/api/v1/player/807116/image
Martin Valjent,https://img.sofascore.com/api/v1/player/300522/image
Mateu Morey,https://img.sofascore.com/api/v1/player/879543/image
Toni Lato,https://img.sofascore.com/api/v1/player/828239/image
David López,https://img.sofascore.com/api/v1/player/1513896/image
Javier Olaizola,https://img.sofascore.com/api/v1/player/2282845/image
Lucas Bergström,https://img.sofascore.com/api/v1/player/996903/image
Leo Román,https://img.sofascore.com/api/v1/player/1131909/image
Iván Cuéllar,https://img.sofascore.com/api/v1/player/19013/image
Daniel Torreguitart Perez,https://img.sofascore.com/api/v1/player/2399592/image
Vladyslav Vanat,https://img.sofascore.com/api/v1/player/976374/image
Cristhian Stuani,https://img.sofascore.com/api/v1/player/32048/image
Abel Ruíz,https://img.sofascore.com/api/v1/player/826013/image
Portu,https://img.sofascore.com/api/v1/player/218616/image
Joel Roca,https://img.sofascore.com/api/v1/player/1391616/image
Azzedine Ounahi,https://img.sofascore.com/api/v1/player/991421/image
Donny van de Beek,https://img.sofascore.com/api/v1/player/361790/image
Yáser Asprilla,https://img.sofascore.com/api/v1/player/1092769/image
Viktor Tsygankov,https://img.sofascore.com/api/v1/player/319735/image
Bryan Gil,https://img.sofascore.com/api/v1/player/910026/image
Thomas Lemar,https://img.sofascore.com/api/v1/player/191182/image
Jhon Solís,https://img.sofascore.com/api/v1/player/1106573/image
Iván Martín,https://img.sofascore.com/api/v1/player/973699/image
Lancinet Kourouma,https://img.sofascore.com/api/v1/player/1860172/image
Vitor Reis,https://img.sofascore.com/api/v1/player/1485300/image
Axel Witsel,https://img.sofascore.com/api/v1/player/35612/image
Daley Blind,https://img.sofascore.com/api/v1/player/44864/image
Arnau Martínez,https://img.sofascore.com/api/v1/player/1084081/image
Álex Moreno,https://img.sofascore.com/api/v1/player/294593/image
Alejandro Francés,https://img.sofascore.com/api/v1/player/1002347/image
David López,https://img.sofascore.com/api/v1/player/135116/image
Hugo Rincón,https://img.sofascore.com/api/v1/player/1632454/image
Gibert Jordana,https://img.sofascore.com/api/v1/player/1937823/image
Antonio Salguero,https://img.sofascore.com/api/v1/player/1916259/image
Antonio Salguero Quinones,https://img.sofascore.com/api/v1/player/2337417/image
Dominik Livaković,https://img.sofascore.com/api/v1/player/190419/image
Paulo Gazzaniga,https://img.sofascore.com/api/v1/player/164343/image
Vladyslav Krapyvtsov,https://img.sofascore.com/api/v1/player/1521733/image
Juan Carlos,https://img.sofascore.com/api/v1/player/83708/image
Salomón Rondón,https://img.sofascore.com/api/v1/player/35532/image
Federico Viñas,https://img.sofascore.com/api/v1/player/976104/image
Álex Forés,https://img.sofascore.com/api/v1/player/1086128/image
Santi Cazorla,https://img.sofascore.com/api/v1/player/17651/image
Haissem Hassan,https://img.sofascore.com/api/v1/player/942836/image
Kwasi Sibo,https://img.sofascore.com/api/v1/player/905639/image
Josip Brekalo,https://img.sofascore.com/api/v1/player/357598/image
Ilyas Chaira,https://img.sofascore.com/api/v1/player/1008037/image
Leander Dendoncker,https://img.sofascore.com/api/v1/player/190405/image
Luka Ilić,https://img.sofascore.com/api/v1/player/885664/image
Santiago Colombatto,https://img.sofascore.com/api/v1/player/822379/image
Ovie Ejaria,https://img.sofascore.com/api/v1/player/845025/image
Alberto Reina,https://img.sofascore.com/api/v1/player/882475/image
Brandon Domingues,https://img.sofascore.com/api/v1/player/1035697/image
Cheli,https://img.sofascore.com/api/v1/player/2222390/image
Eric Bailly,https://img.sofascore.com/api/v1/player/606346/image
Abdel Rahim,https://img.sofascore.com/api/v1/player/1120504/image
David Carmo,https://img.sofascore.com/api/v1/player/892235/image
Javi López,https://img.sofascore.com/api/v1/player/945404/image
Nacho Vidal,https://img.sofascore.com/api/v1/player/844752/image
David Costas,https://img.sofascore.com/api/v1/player/345333/image
Dani Calvo,https://img.sofascore.com/api/v1/player/560756/image
Oier Luengo,https://img.sofascore.com/api/v1/player/857229/image
Lucas Ahijado,https://img.sofascore.com/api/v1/player/597876/image
Álvaro Lemos,https://img.sofascore.com/api/v1/player/813645/image
Horațiu Moldovan,https://img.sofascore.com/api/v1/player/857065/image
Aarón Escandell,https://img.sofascore.com/api/v1/player/368922/image
Etta Eyong,https://img.sofascore.com/api/v1/player/1393673/image
José Luis Morales,https://img.sofascore.com/api/v1/player/344129/image
Iván Romero,https://img.sofascore.com/api/v1/player/1014042/image
Goduine Koyalipou,https://img.sofascore.com/api/v1/player/891505/image
Carlos Espí,https://img.sofascore.com/api/v1/player/1649918/image
Kervin Arriaga,https://img.sofascore.com/api/v1/player/1083832/image
Carlos Álvarez,https://img.sofascore.com/api/v1/player/1010656/image
Iker Losada,https://img.sofascore.com/api/v1/player/992331/image
Unai Vencedor,https://img.sofascore.com/api/v1/player/966802/image
Jon Ander Olasagasti,https://img.sofascore.com/api/v1/player/1010383/image
Roger Brugué,https://img.sofascore.com/api/v1/player/909554/image
Pablo Martínez,https://img.sofascore.com/api/v1/player/927066/image
Oriol Rey,https://img.sofascore.com/api/v1/player/859769/image
Víctor García,https://img.sofascore.com/api/v1/player/952222/image
Dani Cervera,https://img.sofascore.com/api/v1/player/1594052/image
Alan Matturro,https://img.sofascore.com/api/v1/player/1177401/image
Matias Moreno,https://img.sofascore.com/api/v1/player/1496360/image
Manuel Sánchez,https://img.sofascore.com/api/v1/player/984789/image
Jeremy Toljan,https://img.sofascore.com/api/v1/player/149606/image
Adrián de la Fuente,https://img.sofascore.com/api/v1/player/997244/image
Martín Krug,https://img.sofascore.com/api/v1/player/1468957/image
Unai Elgezabal,https://img.sofascore.com/api/v1/player/813574/image
Diego Pampín,https://img.sofascore.com/api/v1/player/855837/image
Jorge Cabello,https://img.sofascore.com/api/v1/player/1807070/image
Nacho Pérez,https://img.sofascore.com/api/v1/player/2049311/image
Huseini Nakoha,https://img.sofascore.com/api/v1/player/2335380/image
Mathew Ryan,https://img.sofascore.com/api/v1/player/134029/image
Pablo Cuñat,https://img.sofascore.com/api/v1/player/1085579/image
