Rank,Name,Symbol,Market Cap,Price,Circulating Supply,% 1h,% 24h,% 7d,trading_date,volume (24h)
1.0,BTCBitcoin,BTC,1488566971.96,134.21,11091325,0.64,0.0,0.0,2013/04/28,0.0
2.0,LTCLitecoin,LTC,74637021.57,4.3484,17164230,0.8,0.0,0.0,2013/04/28,0.0
3.0,PPCPeercoin,PPC,7250186.65,0.3865,18757362,0.93,0.0,0.0,2013/04/28,0.0
4.0,NMCNamecoin,NMC,5995997.19,1.1072,5415300,0.05,0.0,0.0,2013/04/28,0.0
5.0,TRCTerracoin,TRC,1503099.4,0.6469,2323570,0.61,0.0,0.0,2013/04/28,0.0
6.0,DVCDevcoin,DVC,1424087.3,0.0003261,4366620160,0.46,0.0,0.0,2013/04/28,0.0
7.0,NVCNovacoin,NVC,1162266.3,4.2464,273706,2.14,0.0,0.0,2013/04/28,0.0
1.0,BTCBitcoin,BTC,1288693216.22,115.91,11118050,0.43,2.97,13.81,2013/05/05,0.0
2.0,LTCLitecoin,LTC,62298217.32,3.5909,17348954,0.1,2.87,16.72,2013/05/05,0.0
3.0,NMCNamecoin,NMC,6290543.05,1.151,5465350,1.19,8.91,1.64,2013/05/05,0.0
4.0,PPCPeercoin,PPC,5718446.46,0.3037,18830240,0.31,2.61,22.2,2013/05/05,0.0
5.0,FTCFeathercoin,FTC,2017436.23,0.313,6444650,12.81,29.71,0.0,2013/05/05,0.0
6.0,FRCFreicoin,FRC,1627438.51,0.08114,20057908,14.89,23.15,0.0,2013/05/05,0.0
7.0,TRCTerracoin,TRC,1367162.39,0.568,2407150,1.13,3.05,12.34,2013/05/05,0.0
8.0,DVCDevcoin,DVC,1052081.53,0.0002388,4406170112,0.63,12.41,27.21,2013/05/05,0.0
9.0,NVCNovacoin,NVC,1015804.46,3.6871,275503,1.26,5.17,11.72,2013/05/05,0.0
10.0,MNCMincoin,MNC,118657.23,0.1159,1023701,0.31,60.48,0.0,2013/05/05,0.0
1.0,BTCBitcoin,BTC,1281982625.0,115.0,11147675,0.03,0.41,1.88,2013/05/12,0.0
2.0,LTCLitecoin,LTC,57513319.09,3.2694,17591130,0.17,2.61,9.91,2013/05/12,0.0
3.0,NMCNamecoin,NMC,4674413.4,0.8464,5522700,0.02,0.61,26.82,2013/05/12,0.0
4.0,PPCPeercoin,PPC,4585556.07,0.2427,18897820,1.2,4.88,21.46,2013/05/12,0.0
5.0,NVCNovacoin,NVC,984531.38,3.5201,279685,0.1,0.28,4.43,2013/05/12,0.0
6.0,DVCDevcoin,DVC,983447.61,0.0002208,4454020096,0.58,3.67,8.65,2013/05/12,0.0
7.0,TRCTerracoin,TRC,954262.84,0.3807,2506930,1.02,5.49,33.23,2013/05/12,0.0
8.0,FTCFeathercoin,FTC,820221.45,0.1253,6543450,0.48,5.69,63.3,2013/05/12,0.0
9.0,FRCFreicoin,FRC,748241.76,0.03596,20807988,0.02,20.35,59.81,2013/05/12,0.0
10.0,CNCCHNCoin,CNC,489370.4,0.0966,5065946,2.83,11.26,0.0,2013/05/12,0.0
11.0,MNCMincoin,MNC,247203.65,0.237,1042987,0.03,8.04,90.65,2013/05/12,0.0
12.0,BQCBBQCoin,BQC,156410.47,0.0092,17001138,2.7,15.27,0.0,2013/05/12,0.0
13.0,IXCIxcoin,IXC,147029.97,0.01162,12653618,0.33,16.83,0.0,2013/05/12,0.0
14.0,BTBBitBar,BTB,82905.8,28.86,2872,13.72,35.3,0.0,2013/05/12,0.0
1.0,BTCBitcoin,BTC,1363205019.9,121.99,11174725,0.35,1.14,5.7,2013/05/19,0.0
2.0,LTCLitecoin,LTC,58760675.05,3.3035,17787454,0.8,0.19,0.98,2013/05/19,0.0
3.0,NMCNamecoin,NMC,4789082.16,0.8576,5584350,0.94,5.72,0.51,2013/05/19,0.0
4.0,PPCPeercoin,PPC,3934412.36,0.2074,18971716,1.26,15.47,14.73,2013/05/19,0.0
5.0,NVCNovacoin,NVC,1020004.7,3.6182,281908,1.48,2.24,1.88,2013/05/19,0.0
6.0,TRCTerracoin,TRC,934991.48,0.3587,2606970,0.88,4.51,6.12,2013/05/19,0.0
7.0,DVCDevcoin,DVC,906212.77,0.0002013,4502170112,0.08,3.91,8.15,2013/05/19,0.0
8.0,FTCFeathercoin,FTC,833818.95,0.1269,6572250,0.34,0.47,0.72,2013/05/19,0.0
9.0,FRCFreicoin,FRC,711435.19,0.03416,20827516,0.34,7.07,7.13,2013/05/19,0.0
10.0,CNCCHNCoin,CNC,485058.81,0.09515,5097714,0.76,4.04,0.39,2013/05/19,0.0
11.0,MNCMincoin,MNC,207096.26,0.1952,1061031,0.35,12.13,17.93,2013/05/19,0.0
12.0,IXCIxcoin,IXC,154515.88,0.01221,12653618,8.43,20.52,0.55,2013/05/19,0.0
13.0,BTBBitBar,BTB,128439.08,42.7,3008,15.43,2.16,21.68,2013/05/19,0.0
14.0,BQCBBQCoin,BQC,123231.29,0.007075,17416812,6.78,5.29,24.13,2013/05/19,0.0
1.0,BTCBitcoin,BTC,1495292967.14,133.48,11202375,1.16,1.74,9.61,2013/05/26,0.0
2.0,LTCLitecoin,LTC,58458016.95,3.2489,17993154,0.37,4.65,1.02,2013/05/26,0.0
3.0,NMCNamecoin,NMC,5251485.27,0.9304,5644600,2.32,1.64,8.05,2013/05/26,0.0
4.0,PPCPeercoin,PPC,3612498.62,0.1895,19059134,6.42,9.94,9.29,2013/05/26,0.0
5.0,NVCNovacoin,NVC,1225595.4,4.3087,284444,2.43,3.43,18.24,2013/05/26,0.0
6.0,DVCDevcoin,DVC,915607.0,0.0002015,4542720000,0.82,1.54,1.0,2013/05/26,0.0
7.0,TRCTerracoin,TRC,842448.9,0.3123,2697190,3.42,9.58,12.35,2013/05/26,0.0
8.0,FRCFreicoin,FRC,687220.0,0.0327,21014232,1.19,5.72,5.5,2013/05/26,0.0
9.0,FTCFeathercoin,FTC,654331.38,0.09878,6624450,2.47,5.59,21.17,2013/05/26,0.0
10.0,CNCCHNCoin,CNC,374915.45,0.07341,5106866,2.95,1.54,22.36,2013/05/26,0.0
11.0,MNCMincoin,MNC,130393.11,0.1218,1070899,9.23,11.89,37.73,2013/05/26,0.0
12.0,IXCIxcoin,IXC,127367.86,0.01007,12653618,1.19,2.98,15.45,2013/05/26,0.0
13.0,BQCBBQCoin,BQC,114258.29,0.006407,17833240,2.35,6.72,11.35,2013/05/26,0.0
14.0,WDCWorldCoin,WDC,61369.21,0.02565,2392562,0.1,10.51,0.0,2013/05/26,0.0
15.0,BTBBitBar,BTB,54030.08,17.36,3113,1.19,2.67,56.63,2013/05/26,0.0
1.0,BTCBitcoin,BTC,1373839383.45,122.29,11234075,1.0,5.23,9.13,2013/06/02,0.0
2.0,LTCLitecoin,LTC,49625738.78,2.7271,18197154,0.85,3.62,16.04,2013/06/02,0.0
3.0,NMCNamecoin,NMC,4038794.14,0.7093,5694100,0.82,5.36,24.94,2013/06/02,0.0
4.0,PPCPeercoin,PPC,2899779.44,0.1516,19122498,1.39,5.69,23.08,2013/06/02,0.0
5.0,NVCNovacoin,NVC,1117980.01,3.9048,286310,0.93,6.74,10.46,2013/06/02,0.0
6.0,DVCDevcoin,DVC,674189.93,0.0001467,4594120192,1.0,0.73,27.32,2013/06/02,0.0
7.0,TRCTerracoin,TRC,662838.49,0.2385,2779550,1.0,11.96,25.29,2013/06/02,0.0
8.0,FTCFeathercoin,FTC,545794.55,0.08194,6661250,2.08,4.83,18.23,2013/06/02,0.0
9.0,FRCFreicoin,FRC,417750.51,0.01981,21086442,1.0,20.39,39.99,2013/06/02,0.0
10.0,CNCCHNCoin,CNC,287451.99,0.05625,5109858,1.0,3.95,26.1,2013/06/02,0.0
11.0,IXCIxcoin,IXC,86656.55,0.006848,12653618,1.0,8.33,33.19,2013/06/02,0.0
12.0,MNCMincoin,MNC,78887.29,0.07338,1075103,1.0,0.24,42.88,2013/06/02,0.0
13.0,BQCBBQCoin,BQC,76751.02,0.004207,18244294,0.7,2.35,35.14,2013/06/02,0.0
14.0,BTBBitBar,BTB,52295.84,15.91,3287,0.97,5.23,11.04,2013/06/02,0.0
1.0,BTCBitcoin,BTC,1126642500.0,100.0,11266425,2.04,8.0,16.89,2013/06/09,0.0
2.0,LTCLitecoin,LTC,43858288.59,2.383,18404654,1.66,7.44,11.8,2013/06/09,0.0
3.0,NMCNamecoin,NMC,3311798.26,0.576,5749650,2.41,6.5,17.73,2013/06/09,0.0
4.0,PPCPeercoin,PPC,2267778.06,0.118,19218458,1.2,1.33,20.4,2013/06/09,0.0
5.0,NVCNovacoin,NVC,953097.98,3.305,288381,1.89,6.48,14.65,2013/06/09,0.0
6.0,FTCFeathercoin,FTC,852774.31,0.126,6768050,0.33,17.16,59.03,2013/06/09,0.0
7.0,TRCTerracoin,TRC,556761.98,0.195,2855190,2.29,3.18,17.77,2013/06/09,0.0
8.0,DVCDevcoin,DVC,538224.93,0.000116,4639869952,2.06,11.04,21.43,2013/06/09,0.0
9.0,FRCFreicoin,FRC,344283.64,0.01613,21345628,2.06,2.76,19.99,2013/06/09,0.0
10.0,CNCCHNCoin,CNC,260701.49,0.051,5111794,1.28,3.96,8.39,2013/06/09,0.0
11.0,BQCBBQCoin,BQC,98890.42,0.0053,18658570,3.87,3.45,27.98,2013/06/09,0.0
12.0,YACYacoin,YAC,98315.19,0.0302,3255470,4.95,0.0,0.0,2013/06/09,0.0
13.0,DGCDigitalcoin,DGC,70346.91,0.0392,1794564,3.1,0.0,0.0,2013/06/09,0.0
14.0,WDCWorldCoin,WDC,60438.16,0.01287,4696050,2.27,0.0,0.0,2013/06/09,0.0
15.0,BTBBitBar,BTB,45586.21,13.1,3479,2.07,9.71,16.29,2013/06/09,0.0
16.0,MNCMincoin,MNC,44972.33,0.0411,1094217,2.06,27.57,42.74,2013/06/09,0.0
17.0,MEMMemecoin,MEM,14865.88,0.001715,8668150,0.13,0.0,0.0,2013/06/09,0.0
18.0,AMCAmericanCoin,AMC,4150.01,0.004178,993300,2.57,0.0,0.0,2013/06/09,0.0
19.0,FRKFranko,FRK,2772.8,0.15,18485,2.59,0.0,0.0,2013/06/09,0.0
20.0,ELCElacoin,ELC,768.13,0.036,21337,18.23,0.0,0.0,2013/06/09,0.0
1.0,BTCBitcoin,BTC,1124306468.29,99.51,11298425,0.01,0.89,1.32,2013/06/16,0.0
2.0,LTCLitecoin,LTC,39617176.03,2.1295,18603854,0.84,1.31,10.92,2013/06/16,0.0
3.0,NMCNamecoin,NMC,2313381.58,0.3951,5855850,1.27,2.7,31.91,2013/06/16,0.0
4.0,PPCPeercoin,PPC,2131363.14,0.1105,19296016,0.78,0.16,5.51,2013/06/16,0.0
5.0,NVCNovacoin,NVC,943738.73,3.247,290648,0.29,1.17,2.72,2013/06/16,0.0
6.0,FTCFeathercoin,FTC,817909.0,0.1085,7540700,0.39,5.68,13.05,2013/06/16,0.0
7.0,TRCTerracoin,TRC,468510.18,0.1602,2924330,0.08,3.21,18.49,2013/06/16,0.0
8.0,DVCDevcoin,DVC,411176.5,8.774e-05,4686519808,1.33,2.48,25.48,2013/06/16,0.0
9.0,FRCFreicoin,FRC,386099.25,0.01791,21554378,0.01,1.96,11.03,2013/06/16,0.0
10.0,CNCCHNCoin,CNC,216136.99,0.04179,5171458,0.01,1.85,18.66,2013/06/16,0.0
11.0,BQCBBQCoin,BQC,83118.07,0.004359,19070168,7.0,5.17,19.47,2013/06/16,0.0
12.0,DGCDigitalcoin,DGC,71553.91,0.02987,2395198,0.06,2.39,20.51,2013/06/16,0.0
13.0,YACYacoin,YAC,70774.48,0.0199,3556148,0.65,4.87,39.7,2013/06/16,0.0
14.0,WDCWorldCoin,WDC,56980.47,0.009473,6014815,0.01,3.74,0.0,2013/06/16,0.0
15.0,MNCMincoin,MNC,37617.32,0.03393,1108579,0.01,18.87,19.08,2013/06/16,0.0
16.0,BTBBitBar,BTB,21486.74,5.9706,3599,11.12,8.5,54.8,2013/06/16,0.0
17.0,GLCGoldCoin,GLC,19834.44,0.001462,13566450,0.67,23.24,0.0,2013/06/16,0.0
18.0,MEMMemecoin,MEM,8474.66,0.0008163,10381550,0.33,15.87,49.94,2013/06/16,0.0
19.0,LKYLuckycoin,LKY,7949.17,0.002512,3164008,0.05,3.59,0.0,2013/06/16,0.0
20.0,FRKFranko,FRK,4284.35,0.1939,22091,16.59,42.68,29.36,2013/06/16,0.0
1.0,BTCBitcoin,BTC,1218626731.94,107.6,11325525,0.27,0.6,7.69,2013/06/23,0.0
2.0,LTCLitecoin,LTC,58663951.67,3.1172,18819604,0.59,2.78,47.72,2013/06/23,0.0
3.0,NMCNamecoin,NMC,3329217.96,0.5627,5916000,1.19,0.81,39.7,2013/06/23,0.0
4.0,PPCPeercoin,PPC,2358403.7,0.1216,19396678,0.5,2.03,10.35,2013/06/23,0.0
5.0,NVCNovacoin,NVC,1042586.72,3.497,298137,0.55,0.07,7.07,2013/06/23,0.0
6.0,FTCFeathercoin,FTC,799217.02,0.09899,8073550,0.11,16.47,8.82,2013/06/23,0.0
7.0,TRCTerracoin,TRC,416782.31,0.1399,2979570,0.5,2.07,13.0,2013/06/23,0.0
8.0,DVCDevcoin,DVC,407340.96,8.608e-05,4732120064,0.27,4.26,4.3,2013/06/23,0.0
9.0,FRCFreicoin,FRC,274484.38,0.01259,21801296,0.33,24.96,29.85,2013/06/23,0.0
10.0,CNCCHNCoin,CNC,135261.23,0.02582,5237810,4.1,25.48,38.17,2013/06/23,0.0
11.0,DGCDigitalcoin,DGC,84169.38,0.02819,2985547,0.34,2.42,4.86,2013/06/23,0.0
12.0,YACYacoin,YAC,82023.91,0.02163,3792557,0.32,0.96,5.92,2013/06/23,0.0
13.0,BQCBBQCoin,BQC,79853.09,0.0041,19478450,0.23,3.86,2.58,2013/06/23,0.0
14.0,IXCIxcoin,IXC,68433.51,0.00495,13826066,0.2,0.0,0.0,2013/06/23,0.0
15.0,WDCWorldCoin,WDC,67830.58,0.009766,6945743,0.23,0.33,6.4,2013/06/23,0.0
16.0,BTBBitBar,BTB,24643.61,6.5636,3755,0.23,0.6,3.53,2013/06/23,0.0
17.0,MNCMincoin,MNC,24316.38,0.02153,1129661,0.33,0.59,36.82,2013/06/23,0.0
18.0,GLCGoldCoin,GLC,18141.18,0.001189,15263950,0.41,13.07,20.14,2013/06/23,0.0
19.0,MEMMemecoin,MEM,13338.13,0.00109,12236950,0.02,4.68,29.75,2013/06/23,0.0
20.0,BTEBytecoin,BTE,11370.84,0.01238,918850,0.23,18.72,0.0,2013/06/23,0.0
1.0,BTCBitcoin,BTC,1096957926.58,96.61,11354025,0.53,1.83,9.91,2013/06/30,0.0
2.0,LTCLitecoin,LTC,56721517.99,2.9805,19030604,0.08,7.03,3.08,2013/06/30,0.0
3.0,NMCNamecoin,NMC,2995222.23,0.5014,5973400,1.65,1.23,11.33,2013/06/30,0.0
4.0,PPCPeercoin,PPC,2367684.2,0.1217,19449710,0.28,2.64,1.36,2013/06/30,0.0
5.0,NVCNovacoin,NVC,931437.38,3.0926,301181,0.51,0.75,11.35,2013/06/30,0.0
6.0,FTCFeathercoin,FTC,694353.94,0.07826,8872700,0.73,1.97,19.9,2013/06/30,0.0
7.0,TRCTerracoin,TRC,395910.4,0.1304,3035450,0.27,3.75,5.95,2013/06/30,0.0
8.0,DVCDevcoin,DVC,350826.66,7.343e-05,4777920000,0.51,1.52,13.67,2013/06/30,0.0
9.0,FRCFreicoin,FRC,274804.66,0.01256,21879664,0.51,5.45,0.12,2013/06/30,0.0
10.0,DGCDigitalcoin,DGC,93810.47,0.02619,3582563,0.33,1.69,6.43,2013/06/30,0.0
11.0,YACYacoin,YAC,92500.45,0.02338,3956292,3.18,3.58,7.18,2013/06/30,0.0
12.0,BQCBBQCoin,BQC,76284.42,0.003836,19888648,1.26,7.03,0.84,2013/06/30,0.0
13.0,WDCWorldCoin,WDC,55160.81,0.007942,6945743,0.51,0.81,19.16,2013/06/30,0.0
14.0,IXCIxcoin,IXC,51205.23,0.003671,13947314,0.51,4.88,24.12,2013/06/30,0.0
15.0,CNCCHNCoin,CNC,45596.16,0.008695,5243794,10.46,0.25,64.17,2013/06/30,0.0
16.0,MNCMincoin,MNC,42677.67,0.0372,1147361,0.51,14.29,73.38,2013/06/30,0.0
17.0,BTBBitBar,BTB,23567.27,5.9128,3986,0.51,3.88,9.61,2013/06/30,0.0
18.0,LKYLuckycoin,LKY,12095.08,0.002618,4619548,0.51,2.12,6.13,2013/06/30,0.0
19.0,MEMMemecoin,MEM,10668.84,0.0007604,14031450,0.56,3.09,29.92,2013/06/30,0.0
20.0,GLCGoldCoin,GLC,6496.1,0.0003879,16745950,1.39,19.95,66.95,2013/06/30,0.0
1.0,BTCBitcoin,BTC,848838935.56,74.56,11384475,1.27,7.2,23.21,2013/07/07,0.0
2.0,LTCLitecoin,LTC,51099940.9,2.6566,19235004,1.16,6.87,11.42,2013/07/07,0.0
3.0,NMCNamecoin,NMC,2598102.11,0.4369,5946293,0.42,3.99,13.82,2013/07/07,0.0
4.0,PPCPeercoin,PPC,2582887.38,0.132,19571310,0.99,2.24,7.65,2013/07/07,0.0
5.0,NVCNovacoin,NVC,867500.25,2.8378,305695,0.3,1.72,8.67,2013/07/07,0.0
6.0,FTCFeathercoin,FTC,711870.6,0.07531,9452950,0.12,3.21,2.24,2013/07/07,0.0
7.0,TRCTerracoin,TRC,519200.27,0.167,3108670,0.65,8.89,28.08,2013/07/07,0.0
8.0,DVCDevcoin,DVC,276948.24,5.741e-05,4823869952,1.3,5.72,22.65,2013/07/07,0.0
9.0,FRCFreicoin,FRC,223994.42,0.01007,22244892,3.68,24.75,20.23,2013/07/07,0.0
10.0,YACYacoin,YAC,108880.76,0.02572,4232722,1.3,14.64,7.09,2013/07/07,0.0
11.0,DGCDigitalcoin,DGC,90011.67,0.02155,4177233,7.08,17.77,19.13,2013/07/07,0.0
12.0,CNCCHNCoin,CNC,70529.3,0.01342,5255146,2.34,9.87,61.55,2013/07/07,0.0
13.0,BQCBBQCoin,BQC,65506.03,0.003229,20289954,1.27,3.12,17.46,2013/07/07,0.0
14.0,WDCWorldCoin,WDC,56083.13,0.005711,9819541,1.27,6.35,28.45,2013/07/07,0.0
15.0,IXCIxcoin,IXC,46861.08,0.003335,14050802,1.27,40.63,9.5,2013/07/07,0.0
16.0,MECMegacoin,MEC,38199.2,0.00314,12166250,2.6,0.0,0.0,2013/07/07,0.0
17.0,MNCMincoin,MNC,34857.44,0.02992,1165200,1.3,25.61,20.04,2013/07/07,0.0
18.0,PXCPhoenixcoin,PXC,34584.63,0.01186,2917250,0.12,10.99,0.0,2013/07/07,0.0
19.0,BTGBitgem,BTG,25588.54,1.4599,17528,1.28,30.68,0.0,2013/07/07,0.0
20.0,BTBBitBar,BTB,15340.53,3.7281,4115,1.27,5.94,36.58,2013/07/07,0.0
1.0,BTCBitcoin,BTC,1080918189.52,94.69,11415175,1.13,2.54,26.85,2013/07/14,0.0
2.0,LTCLitecoin,LTC,56527626.5,2.908,19438854,0.83,1.11,11.13,2013/07/14,0.0
3.0,NMCNamecoin,NMC,3241516.48,0.5397,6005693,2.86,1.36,24.06,2013/07/14,0.0
4.0,PPCPeercoin,PPC,3141319.74,0.16,19629768,1.43,8.77,22.03,2013/07/14,0.0
5.0,NVCNovacoin,NVC,1230893.18,3.978,309426,1.21,3.64,41.53,2013/07/14,0.0
6.0,FTCFeathercoin,FTC,825730.01,0.08238,10023250,0.3,4.75,10.37,2013/07/14,0.0
7.0,TRCTerracoin,TRC,497606.33,0.1562,3184870,2.06,3.91,8.87,2013/07/14,0.0
8.0,DVCDevcoin,DVC,341246.54,7.007e-05,4869969920,1.23,5.68,23.14,2013/07/14,0.0
9.0,DGCDigitalcoin,DGC,268640.9,0.05628,4773045,0.14,4.72,167.06,2013/07/14,0.0
10.0,FRCFreicoin,FRC,257105.0,0.01136,22626586,3.81,10.03,9.22,2013/07/14,0.0
11.0,WDCWorldCoin,WDC,114748.74,0.01032,11116584,1.23,5.35,79.92,2013/07/14,0.0
12.0,XPMPrimecoin,XPM,112816.35,0.1562,722068,1.23,54.05,0.0,2013/07/14,0.0
13.0,YACYacoin,YAC,98606.29,0.02263,4357090,1.23,0.3,9.47,2013/07/14,0.0
14.0,BQCBBQCoin,BQC,92091.19,0.00445,20692356,0.89,12.17,37.79,2013/07/14,0.0
15.0,PXCPhoenixcoin,PXC,70514.4,0.02193,3216050,15.55,25.62,84.88,2013/07/14,0.0
16.0,MECMegacoin,MEC,59963.61,0.004929,12166250,0.12,8.56,53.5,2013/07/14,0.0
17.0,IXCIxcoin,IXC,51164.72,0.003614,14155922,1.13,11.8,14.97,2013/07/14,0.0
18.0,CNCCHNCoin,CNC,49271.49,0.009374,5255938,1.23,23.62,27.43,2013/07/14,0.0
19.0,MNCMincoin,MNC,26893.62,0.02274,1182798,1.23,0.44,26.0,2013/07/14,0.0
20.0,LKYLuckycoin,LKY,21326.13,0.003882,5493104,3.61,3.72,45.39,2013/07/14,0.0
1.0,BTCBitcoin,BTC,1038799169.95,90.76,11445900,0.48,0.81,3.89,2013/07/21,0.0
2.0,LTCLitecoin,LTC,57116054.34,2.916,19586904,0.88,0.85,0.98,2013/07/21,0.0
3.0,NMCNamecoin,NMC,2962845.61,0.4883,6067993,0.06,2.71,8.25,2013/07/21,0.0
4.0,PPCPeercoin,PPC,2753787.82,0.1398,19702806,0.48,6.31,10.69,2013/07/21,0.0
5.0,NVCNovacoin,NVC,1204790.03,3.8517,312791,0.64,1.91,2.97,2013/07/21,0.0
6.0,XPMPrimecoin,XPM,1168854.58,1.0437,1119905,0.17,16.19,569.85,2013/07/21,0.0
7.0,FTCFeathercoin,FTC,882015.91,0.08077,10919550,0.48,0.82,2.72,2013/07/21,0.0
8.0,TRCTerracoin,TRC,487870.61,0.1497,3257910,0.54,1.59,6.02,2013/07/21,0.0
9.0,DVCDevcoin,DVC,254344.99,5.173e-05,4916620288,2.34,3.96,25.99,2013/07/21,0.0
10.0,FRCFreicoin,FRC,244976.19,0.01078,22717088,0.54,0.18,6.58,2013/07/21,0.0
11.0,DGCDigitalcoin,DGC,170031.29,0.03181,5345141,1.53,11.5,43.56,2013/07/21,0.0
12.0,MECMegacoin,MEC,161426.39,0.01232,13101500,12.28,40.52,151.36,2013/07/21,0.0
13.0,WDCWorldCoin,WDC,145792.15,0.0118,12356888,1.52,12.7,18.42,2013/07/21,0.0
14.0,PXCPhoenixcoin,PXC,126115.75,0.03694,3414150,4.76,0.86,49.74,2013/07/21,0.0
15.0,YACYacoin,YAC,81633.98,0.0177,4612695,1.93,5.66,19.87,2013/07/21,0.0
16.0,BQCBBQCoin,BQC,77919.22,0.003694,21094464,0.54,0.08,13.24,2013/07/21,0.0
17.0,CNCCHNCoin,CNC,62014.01,0.0118,5256114,0.54,0.81,26.21,2013/07/21,0.0
18.0,FSTFastcoin,FST,55913.27,0.004533,12333824,0.71,6.79,142.37,2013/07/21,0.0
19.0,IXCIxcoin,IXC,55740.5,0.003904,14276402,0.59,13.68,8.26,2013/07/21,0.0
20.0,MNCMincoin,MNC,46706.59,0.0389,1200783,0.48,18.6,71.54,2013/07/21,0.0
1.0,BTCBitcoin,BTC,1144602625.0,99.76,11474025,0.07,5.77,10.61,2013/07/28,0.0
2.0,LTCLitecoin,LTC,59091798.36,2.9778,19844180,0.3,3.33,3.06,2013/07/28,0.0
3.0,NMCNamecoin,NMC,3755531.57,0.6135,6121493,0.04,1.83,25.53,2013/07/28,0.0
4.0,PPCPeercoin,PPC,2721121.82,0.1377,19766366,0.04,3.17,1.64,2013/07/28,0.0
5.0,NVCNovacoin,NVC,1976019.96,6.0103,328773,0.7,0.96,58.21,2013/07/28,0.0
6.0,FTCFeathercoin,FTC,1013854.4,0.08781,11546500,0.04,1.98,9.25,2013/07/28,0.0
7.0,XPMPrimecoin,XPM,904374.13,0.7232,1250464,0.04,1.23,27.15,2013/07/28,0.0
8.0,TRCTerracoin,TRC,461230.76,0.1317,3500890,0.04,1.62,11.41,2013/07/28,0.0
9.0,DVCDevcoin,DVC,267289.84,5.387e-05,4961920000,0.04,3.67,5.61,2013/07/28,0.0
10.0,FRCFreicoin,FRC,208635.46,0.009078,22983058,0.04,1.72,15.28,2013/07/28,0.0
11.0,DGCDigitalcoin,DGC,177525.47,0.02993,5931793,0.59,8.46,12.44,2013/07/28,0.0
12.0,MECMegacoin,MEC,153304.26,0.009974,15371000,1.21,23.18,27.68,2013/07/28,0.0
13.0,WDCWorldCoin,WDC,108739.11,0.007982,13622232,2.98,8.95,30.97,2013/07/28,0.0
14.0,PXCPhoenixcoin,PXC,94141.07,0.02715,3467750,4.21,2.24,30.85,2013/07/28,0.0
15.0,YACYacoin,YAC,84116.05,0.01726,4874093,3.93,15.06,1.43,2013/07/28,0.0
16.0,FSTFastcoin,FST,72306.8,0.005187,13939168,3.4,30.28,13.36,2013/07/28,0.0
17.0,BQCBBQCoin,BQC,64771.61,0.003013,21500016,0.04,2.91,18.33,2013/07/28,0.0
18.0,IXCIxcoin,IXC,56788.95,0.003946,14390258,0.07,8.23,0.82,2013/07/28,0.0
19.0,IFCInfinitecoin,IFC,48077.5,7.7e-07,62102962176,5.44,52.45,90.21,2013/07/28,0.0
20.0,FRKFranko,FRK,46265.64,1.0474,44170,16.62,10.28,5.63,2013/07/28,0.0
1.0,BTCBitcoin,BTC,1209792869.08,105.14,11506100,0.05,0.57,6.11,2013/08/04,0.0
2.0,LTCLitecoin,LTC,60288260.68,3.0092,20034580,0.31,0.68,0.96,2013/08/04,0.0
3.0,XRPXRP,XRP,45983543.33,0.005882,7817889792,0.05,0.0,0.0,2013/08/04,0.0
4.0,NMCNamecoin,NMC,3844310.07,0.6214,6186543,0.0,0.27,3.32,2013/08/04,0.0
5.0,PPCPeercoin,PPC,3194186.0,0.1609,19855732,0.0,2.16,17.64,2013/08/04,0.0
6.0,FTCFeathercoin,FTC,2066053.89,0.1661,12436600,4.87,14.74,90.42,2013/08/04,0.0
7.0,NVCNovacoin,NVC,1855987.14,5.457,340114,0.38,0.37,8.16,2013/08/04,0.0
8.0,XPMPrimecoin,XPM,889983.29,0.6487,1371864,0.08,1.21,9.84,2013/08/04,0.0
9.0,TRCTerracoin,TRC,596396.3,0.1693,3523110,3.11,3.88,29.23,2013/08/04,0.0
10.0,DVCDevcoin,DVC,321340.28,6.414e-05,5010169856,0.0,0.58,14.38,2013/08/04,0.0
11.0,DGCDigitalcoin,DGC,227201.16,0.03529,6438044,0.15,2.47,19.89,2013/08/04,0.0
12.0,FRCFreicoin,FRC,158973.6,0.006834,23261020,0.05,8.18,24.2,2013/08/04,0.0
13.0,WDCWorldCoin,WDC,123167.02,0.008433,14606197,0.08,0.38,0.24,2013/08/04,0.0
14.0,MECMegacoin,MEC,116160.07,0.007361,15780250,2.97,2.49,17.98,2013/08/04,0.0
15.0,YACYacoin,YAC,106721.68,0.02061,5178616,0.35,15.28,22.82,2013/08/04,0.0
16.0,MNCMincoin,MNC,90902.2,0.0736,1235075,19.85,95.55,188.13,2013/08/04,0.0
17.0,PXCPhoenixcoin,PXC,80723.76,0.02325,3472400,0.13,2.76,13.09,2013/08/04,0.0
18.0,FSTFastcoin,FST,63341.24,0.004075,15542464,0.71,7.71,21.59,2013/08/04,0.0
19.0,BQCBBQCoin,BQC,63307.39,0.002891,21894690,0.08,5.94,10.7,2013/08/04,0.0
20.0,CBXBullion,CBX,61609.39,0.1122,549336,6.59,0.0,0.0,2013/08/04,0.0
1.0,BTCBitcoin,BTC,1211789250.0,105.0,11540850,0.11,1.85,0.51,2013/08/11,0.0
2.0,LTCLitecoin,LTC,54533789.26,2.6943,20240430,0.17,5.04,9.95,2013/08/11,0.0
3.0,XRPXRP,XRP,34518516.1,0.004415,7817889792,0.12,2.23,25.21,2013/08/11,0.0
4.0,NMCNamecoin,NMC,4222475.34,0.673,6273643,0.57,3.39,9.03,2013/08/11,0.0
5.0,PPCPeercoin,PPC,3159445.71,0.1585,19927126,0.26,1.61,0.81,2013/08/11,0.0
6.0,FTCFeathercoin,FTC,2001729.8,0.1523,13147650,0.15,1.64,6.72,2013/08/11,0.0
7.0,NVCNovacoin,NVC,1799905.11,5.146,349764,0.36,0.45,6.06,2013/08/11,0.0
8.0,XPMPrimecoin,XPM,1351773.92,0.8832,1530619,0.08,3.92,34.4,2013/08/11,0.0
9.0,TRCTerracoin,TRC,655735.09,0.1806,3630870,1.02,0.07,5.1,2013/08/11,0.0
10.0,DVCDevcoin,DVC,286724.52,5.67e-05,5056869888,0.77,1.46,11.08,2013/08/11,0.0
11.0,DGCDigitalcoin,DGC,212140.22,0.03099,6846204,0.19,0.08,14.02,2013/08/11,0.0
12.0,FRCFreicoin,FRC,158239.86,0.006616,23917574,0.15,8.31,3.51,2013/08/11,0.0
13.0,WDCWorldCoin,WDC,126981.8,0.00819,15504492,1.3,2.38,3.83,2013/08/11,0.0
14.0,YACYacoin,YAC,115933.19,0.021,5520628,5.49,5.1,5.83,2013/08/11,0.0
15.0,MECMegacoin,MEC,93483.78,0.005924,15780250,3.4,10.79,19.31,2013/08/11,0.0
16.0,MNCMincoin,MNC,87569.47,0.07005,1250067,4.4,19.41,25.73,2013/08/11,0.0
17.0,IXCIxcoin,IXC,85022.82,0.005784,14698514,1.39,3.85,49.01,2013/08/11,0.0
18.0,IFCInfinitecoin,IFC,80005.13,1.13e-06,70605864960,1.18,56.13,37.98,2013/08/11,0.0
19.0,CBXBullion,CBX,75822.86,0.1281,591904,5.32,2.37,24.8,2013/08/11,0.0
20.0,PXCPhoenixcoin,PXC,71820.28,0.02068,3472800,12.74,20.27,11.97,2013/08/11,0.0
1.0,BTCBitcoin,BTC,1313544012.5,113.5,11573075,0.16,0.54,8.5,2013/08/18,0.0
2.0,LTCLitecoin,LTC,57197936.54,2.7978,20444080,0.3,0.34,4.84,2013/08/18,0.0
3.0,XRPXRP,XRP,43916495.73,0.005617,7817889792,2.0,0.88,27.81,2013/08/18,0.0
4.0,NMCNamecoin,NMC,4320531.6,0.681,6344393,0.33,0.39,1.47,2013/08/18,0.0
5.0,PPCPeercoin,PPC,3363135.65,0.168,20021048,0.52,0.41,7.53,2013/08/18,0.0
6.0,FTCFeathercoin,FTC,2041295.25,0.1475,13834600,0.42,0.6,3.1,2013/08/18,0.0
7.0,NVCNovacoin,NVC,1890229.07,5.2664,358922,0.22,0.43,2.99,2013/08/18,0.0
8.0,XPMPrimecoin,XPM,1362819.31,0.8285,1644834,3.97,6.99,5.98,2013/08/18,0.0
9.0,TRCTerracoin,TRC,710540.21,0.1952,3639690,0.16,0.21,7.89,2013/08/18,0.0
10.0,IFCInfinitecoin,IFC,385870.29,5.28e-06,73139093504,1.24,35.19,350.94,2013/08/18,0.0
11.0,GLCGoldCoin,GLC,327067.37,0.01264,25879596,15.93,89.61,469.23,2013/08/18,0.0
12.0,DVCDevcoin,DVC,289562.33,5.675e-05,5102419968,0.2,0.54,0.29,2013/08/18,0.0
13.0,DGCDigitalcoin,DGC,251720.82,0.03499,7194824,15.03,18.93,13.0,2013/08/18,0.0
14.0,FRCFreicoin,FRC,197891.11,0.008093,24453494,0.16,16.94,16.29,2013/08/18,0.0
15.0,WDCWorldCoin,WDC,132499.67,0.008058,16442226,0.16,2.23,2.51,2013/08/18,0.0
16.0,YACYacoin,YAC,117999.8,0.02077,5681125,0.16,4.14,3.64,2013/08/18,0.0
17.0,CBXBullion,CBX,93795.56,0.1475,635687,4.57,14.21,22.79,2013/08/18,0.0
18.0,IXCIxcoin,IXC,93476.22,0.006305,14825906,0.16,9.36,10.26,2013/08/18,0.0
19.0,MECMegacoin,MEC,93152.95,0.005903,15780250,0.4,3.29,4.37,2013/08/18,0.0
20.0,MNCMincoin,MNC,93107.61,0.07378,1262009,0.16,6.64,4.39,2013/08/18,0.0
1.0,BTCBitcoin,BTC,1417199162.92,122.11,11605825,0.13,1.67,6.85,2013/08/25,0.0
2.0,LTCLitecoin,LTC,53577769.5,2.5936,20657380,0.38,3.29,7.7,2013/08/25,0.0
3.0,XRPXRP,XRP,47719524.89,0.006104,7817889792,0.13,9.9,5.69,2013/08/25,0.0
4.0,NMCNamecoin,NMC,3939439.05,0.6142,6413743,0.63,0.78,9.96,2013/08/25,0.0
5.0,PPCPeercoin,PPC,3531624.24,0.1758,20084320,3.25,4.28,4.02,2013/08/25,0.0
6.0,FTCFeathercoin,FTC,1885131.96,0.1307,14427900,0.41,0.46,11.61,2013/08/25,0.0
7.0,NVCNovacoin,NVC,1711800.36,4.6378,369099,1.15,1.78,12.58,2013/08/25,0.0
8.0,XPMPrimecoin,XPM,1298228.08,0.7378,1759606,0.29,5.39,10.34,2013/08/25,0.0
9.0,TRCTerracoin,TRC,628218.78,0.1722,3648690,0.13,1.82,11.66,2013/08/25,0.0
10.0,IFCInfinitecoin,IFC,435199.15,5.81e-06,74946838528,4.64,2.58,9.98,2013/08/25,0.0
11.0,DVCDevcoin,DVC,308306.94,5.983e-05,5152670208,0.13,1.67,6.5,2013/08/25,0.0
12.0,DGCDigitalcoin,DGC,248936.6,0.03297,7550124,0.9,3.16,1.41,2013/08/25,0.0
13.0,FRCFreicoin,FRC,211349.14,0.008471,24948742,0.45,0.24,8.97,2013/08/25,0.0
14.0,GLCGoldCoin,GLC,170528.98,0.006534,26098070,6.67,3.13,44.68,2013/08/25,0.0
15.0,WDCWorldCoin,WDC,114698.19,0.00659,17404008,3.6,6.52,18.98,2013/08/25,0.0
16.0,CBXBullion,CBX,104095.81,0.1526,681969,0.18,12.59,1.16,2013/08/25,0.0
17.0,MECMegacoin,MEC,96327.85,0.006104,15780250,1.24,13.79,3.06,2013/08/25,0.0
18.0,YACYacoin,YAC,94940.73,0.01587,5980733,0.16,2.55,25.96,2013/08/25,0.0
19.0,IXCIxcoin,IXC,93650.62,0.006229,15034898,0.16,1.45,2.26,2013/08/25,0.0
20.0,ANCAnoncoin,ANC,73233.32,0.1716,426852,0.16,79.02,210.02,2013/08/25,0.0
1.0,BTCBitcoin,BTC,1610215304.37,138.34,11639550,0.09,1.35,13.16,2013/09/01,0.0
2.0,LTCLitecoin,LTC,53930594.93,2.5842,20869430,0.61,0.85,0.35,2013/09/01,0.0
3.0,XRPXRP,XRP,45239802.42,0.005787,7817889792,0.07,1.86,5.58,2013/09/01,0.0
4.0,NMCNamecoin,NMC,3689125.25,0.5686,6488343,0.31,2.39,7.68,2013/09/01,0.0
5.0,PPCPeercoin,PPC,3593391.71,0.1785,20135716,0.94,0.0,3.83,2013/09/01,0.0
6.0,FTCFeathercoin,FTC,2258187.28,0.1508,14975650,0.16,2.02,15.86,2013/09/01,0.0
7.0,NVCNovacoin,NVC,1552776.08,4.0672,381781,0.13,4.97,12.34,2013/09/01,0.0
8.0,XPMPrimecoin,XPM,1167915.89,0.6225,1876088,1.2,10.6,16.79,2013/09/01,0.0
9.0,TRCTerracoin,TRC,668094.33,0.1826,3658610,1.63,0.0,4.97,2013/09/01,0.0
10.0,IFCInfinitecoin,IFC,369518.55,4.86e-06,76056100864,3.95,5.03,18.58,2013/09/01,0.0
11.0,DVCDevcoin,DVC,302074.7,5.81e-05,5198969856,0.16,8.97,2.06,2013/09/01,0.0
12.0,FRCFreicoin,FRC,214535.4,0.008453,25381074,0.09,1.33,0.02,2013/09/01,0.0
13.0,ANCAnoncoin,ANC,174151.27,0.3995,435895,0.24,1.62,162.34,2013/09/01,0.0
14.0,DGCDigitalcoin,DGC,163789.0,0.02075,7892013,0.16,1.45,37.26,2013/09/01,0.0
15.0,CBXBullion,CBX,135838.83,0.1868,727332,5.19,11.43,22.37,2013/09/01,0.0
16.0,GLCGoldCoin,GLC,134760.72,0.005121,26313530,2.35,4.16,27.67,2013/09/01,0.0
17.0,IXCIxcoin,IXC,113218.36,0.007457,15183794,0.24,6.97,19.8,2013/09/01,0.0
18.0,MECMegacoin,MEC,106957.77,0.006087,17571624,2.29,0.02,3.8,2013/09/01,0.0
19.0,MNCMincoin,MNC,91338.4,0.07071,1291813,0.09,9.2,60.19,2013/09/01,0.0
20.0,MEMMemecoin,MEM,91218.32,0.002891,31548150,32.34,93.09,256.47,2013/09/01,0.0
1.0,BTCBitcoin,BTC,1419836114.24,121.66,11670525,0.61,2.04,11.89,2013/09/08,0.0
2.0,LTCLitecoin,LTC,57470295.67,2.7276,21069780,0.62,0.81,5.12,2013/09/08,0.0
3.0,XRPXRP,XRP,48338335.15,0.006183,7817889792,0.61,0.2,8.04,2013/09/08,0.0
4.0,NMCNamecoin,NMC,3845497.84,0.5864,6557793,0.75,0.69,2.98,2013/09/08,0.0
5.0,PPCPeercoin,PPC,3767600.74,0.1861,20240704,0.95,3.98,4.28,2013/09/08,0.0
6.0,FTCFeathercoin,FTC,2074463.63,0.1338,15501200,1.53,2.28,11.6,2013/09/08,0.0
7.0,NVCNovacoin,NVC,1398183.32,3.5963,388787,0.36,3.07,10.22,2013/09/08,0.0
8.0,XPMPrimecoin,XPM,1015901.17,0.511,1988179,3.82,1.88,4.12,2013/09/08,0.0
9.0,TRCTerracoin,TRC,602556.06,0.163,3696110,4.78,3.53,10.28,2013/09/08,0.0
10.0,CBXBullion,CBX,255979.7,0.3406,751449,0.14,11.7,78.81,2013/09/08,0.0
11.0,DVCDevcoin,DVC,242525.39,4.623e-05,5245969920,0.61,4.56,23.91,2013/09/08,0.0
12.0,IFCInfinitecoin,IFC,231032.16,3.02e-06,76503580672,2.55,12.88,35.27,2013/09/08,0.0
13.0,FRCFreicoin,FRC,174527.94,0.006691,26082816,0.61,3.79,20.69,2013/09/08,0.0
14.0,DGCDigitalcoin,DGC,169894.36,0.02053,8275369,0.5,3.23,1.49,2013/09/08,0.0
15.0,MEMMemecoin,MEM,143212.53,0.004261,33606952,0.21,11.35,95.0,2013/09/08,0.0
16.0,IXCIxcoin,IXC,106165.94,0.006935,15309554,0.61,1.52,6.83,2013/09/08,0.0
17.0,GLCGoldCoin,GLC,103550.51,0.003903,26532004,13.45,6.0,23.88,2013/09/08,0.0
18.0,MECMegacoin,MEC,102276.61,0.005664,18055750,4.09,8.94,5.16,2013/09/08,0.0
19.0,WDCWorldCoin,WDC,86001.08,0.004449,19329968,0.58,0.31,0.48,2013/09/08,0.0
20.0,MNCMincoin,MNC,71430.79,0.05475,1304743,0.61,2.71,32.14,2013/09/08,0.0
1.0,BTCBitcoin,BTC,1526085088.84,130.37,11705800,0.13,0.78,7.45,2013/09/15,0.0
2.0,LTCLitecoin,LTC,56132523.21,2.64,21262380,0.1,3.13,2.67,2013/09/15,0.0
3.0,XRPXRP,XRP,50595569.15,0.006472,7817889792,0.5,1.51,5.22,2013/09/15,0.0
4.0,PPCPeercoin,PPC,3944890.73,0.1943,20308182,0.7,0.46,3.06,2013/09/15,0.0
5.0,NMCNamecoin,NMC,3927493.58,0.5932,6621043,0.08,0.65,2.08,2013/09/15,0.0
6.0,FTCFeathercoin,FTC,2133923.63,0.1317,16206150,0.64,0.11,1.24,2013/09/15,0.0
7.0,NVCNovacoin,NVC,1416042.23,3.5747,396124,0.14,1.18,0.83,2013/09/15,0.0
8.0,XPMPrimecoin,XPM,722530.23,0.3455,2091378,2.72,9.21,30.83,2013/09/15,0.0
9.0,TRCTerracoin,TRC,668634.52,0.1786,3743610,0.47,3.51,10.72,2013/09/15,0.0
10.0,DVCDevcoin,DVC,255263.41,4.824e-05,5291870208,0.14,3.08,4.03,2013/09/15,0.0
11.0,CBXBullion,CBX,250854.21,0.3241,773991,0.4,1.87,5.19,2013/09/15,0.0
12.0,IFCInfinitecoin,IFC,169690.91,2.2e-06,77248724992,4.69,7.56,22.62,2013/09/15,0.0
13.0,DGCDigitalcoin,DGC,149716.15,0.01748,8565631,3.07,0.45,14.5,2013/09/15,0.0
14.0,MECMegacoin,MEC,143501.71,0.007821,18348500,0.14,5.99,29.66,2013/09/15,0.0
15.0,GLCGoldCoin,GLC,138115.97,0.005163,26752910,0.35,5.54,18.49,2013/09/15,0.0
16.0,FRCFreicoin,FRC,125808.5,0.004693,26805864,0.14,10.85,28.58,2013/09/15,0.0
17.0,ANCAnoncoin,ANC,125016.76,0.2868,435895,0.14,21.42,75.46,2013/09/15,0.0
18.0,IXCIxcoin,IXC,119895.9,0.00777,15430514,0.14,12.92,13.22,2013/09/15,0.0
19.0,WDCWorldCoin,WDC,93788.65,0.00455,20613284,4.19,1.94,2.86,2013/09/15,0.0
20.0,MNCMincoin,MNC,78093.88,0.05919,1319421,3.33,2.12,10.56,2013/09/15,0.0
1.0,BTCBitcoin,BTC,1515584678.69,129.12,11737800,0.29,0.95,1.03,2013/09/22,0.0
2.0,XRPXRP,XRP,81353970.17,0.01041,7817889792,0.24,6.44,62.06,2013/09/22,0.0
3.0,LTCLitecoin,LTC,54299001.39,2.5295,21466630,0.14,0.14,4.08,2013/09/22,0.0
4.0,PPCPeercoin,PPC,3945801.26,0.1937,20372786,1.08,2.28,0.65,2013/09/22,0.0
5.0,NMCNamecoin,NMC,3801056.34,0.5681,6690493,0.27,0.41,4.06,2013/09/22,0.0
6.0,FTCFeathercoin,FTC,1981195.18,0.1175,16861350,0.66,0.67,10.44,2013/09/22,0.0
7.0,NVCNovacoin,NVC,1879720.41,4.6483,404387,0.17,14.24,29.94,2013/09/22,0.0
8.0,XPMPrimecoin,XPM,665548.1,0.3034,2193401,3.85,3.74,8.12,2013/09/22,0.0
9.0,TRCTerracoin,TRC,650841.12,0.1704,3818630,0.27,4.97,2.61,2013/09/22,0.0
10.0,CBXBullion,CBX,263310.96,0.3305,796591,1.59,9.6,1.31,2013/09/22,0.0
11.0,DVCDevcoin,DVC,234145.79,4.39e-05,5333519872,0.27,4.87,9.05,2013/09/22,0.0
12.0,MECMegacoin,MEC,206238.24,0.01124,18350876,0.34,15.18,43.56,2013/09/22,0.0
13.0,IFCInfinitecoin,IFC,183578.53,2.36e-06,77667237888,3.78,24.59,10.63,2013/09/22,0.0
14.0,DGCDigitalcoin,DGC,177523.88,0.02002,8868446,0.3,2.3,18.76,2013/09/22,0.0
15.0,ANCAnoncoin,ANC,174477.05,0.4003,435895,9.09,20.14,46.17,2013/09/22,0.0
16.0,IXCIxcoin,IXC,170054.67,0.01094,15538322,0.3,11.02,40.75,2013/09/22,0.0
17.0,FRCFreicoin,FRC,122724.11,0.004488,27343658,0.27,0.95,4.44,2013/09/22,0.0
18.0,GLCGoldCoin,GLC,102586.3,0.003809,26932324,0.29,8.37,28.57,2013/09/22,0.0
19.0,MNCMincoin,MNC,73863.24,0.05552,1330351,7.78,7.99,4.56,2013/09/22,0.0
20.0,ZETZetacoin,ZET,72128.85,0.0005591,129011248,0.3,5.79,10.7,2013/09/22,0.0
1.0,BTCBitcoin,BTC,1616584461.39,137.34,11770675,0.35,1.29,6.69,2013/09/29,0.0
2.0,XRPXRP,XRP,100598758.0,0.01287,7817889792,0.35,7.54,24.34,2013/09/29,0.0
3.0,LTCLitecoin,LTC,49785014.0,2.2977,21667342,0.89,1.18,8.85,2013/09/29,0.0
4.0,PPCPeercoin,PPC,5418264.45,0.2651,20441174,0.42,0.86,37.91,2013/09/29,0.0
5.0,NMCNamecoin,NMC,3517486.22,0.5137,6848000,1.95,0.37,9.2,2013/09/29,0.0
6.0,FTCFeathercoin,FTC,2028652.2,0.1154,17584550,0.85,6.11,0.94,2013/09/29,0.0
7.0,NVCNovacoin,NVC,1659935.08,4.0227,412643,3.84,3.87,12.17,2013/09/29,0.0
8.0,XPMPrimecoin,XPM,828380.55,0.3606,2297115,5.55,1.43,16.07,2013/09/29,0.0
9.0,TRCTerracoin,TRC,673687.59,0.1758,3832230,0.32,1.21,4.1,2013/09/29,0.0
10.0,DVCDevcoin,DVC,266161.77,4.944e-05,5383269888,2.5,5.96,12.28,2013/09/29,0.0
11.0,CBXBullion,CBX,258741.55,0.3159,819108,0.83,4.64,5.04,2013/09/29,0.0
12.0,MNCMincoin,MNC,199409.9,0.1483,1344414,7.98,2.87,183.23,2013/09/29,0.0
13.0,IXCIxcoin,IXC,175359.3,0.01119,15666578,50.7,44.97,2.5,2013/09/29,0.0
14.0,DGCDigitalcoin,DGC,153821.19,0.01688,9114606,1.29,13.12,15.49,2013/09/29,0.0
15.0,WDCWorldCoin,WDC,127463.16,0.005494,23202120,0.66,13.28,98.92,2013/09/29,0.0
16.0,FRCFreicoin,FRC,114799.99,0.00412,27862724,0.35,1.28,7.93,2013/09/29,0.0
17.0,GLCGoldCoin,GLC,111838.46,0.004124,27116824,6.69,9.02,7.97,2013/09/29,0.0
18.0,ZETZetacoin,ZET,78650.83,0.0005796,135704368,0.44,2.64,3.05,2013/09/29,0.0
19.0,QRKQuark,QRK,61261.75,0.0002733,224150272,1.69,1.31,23.65,2013/09/29,0.0
20.0,YACYacoin,YAC,42044.12,0.005447,7718902,0.35,6.59,4.25,2013/09/29,0.0
1.0,BTCBitcoin,BTC,1522686975.0,129.0,11803775,0.16,0.41,5.84,2013/10/06,0.0
2.0,XRPXRP,XRP,76764377.04,0.009819,7817889792,0.01,3.44,22.34,2013/10/06,0.0
3.0,LTCLitecoin,LTC,47387871.44,2.1672,21865942,0.39,0.81,6.14,2013/10/06,0.0
4.0,PPCPeercoin,PPC,9526224.06,0.4644,20512972,4.58,7.52,77.51,2013/10/06,0.0
5.0,NMCNamecoin,NMC,3921037.64,0.5676,6908100,0.11,1.73,12.21,2013/10/06,0.0
6.0,FTCFeathercoin,FTC,2182887.18,0.1187,18393050,0.57,3.77,4.25,2013/10/06,0.0
7.0,NVCNovacoin,NVC,1764749.4,4.1796,422229,1.68,3.86,4.67,2013/10/06,0.0
8.0,XPMPrimecoin,XPM,807006.99,0.3354,2406103,0.67,3.54,9.51,2013/10/06,0.0
9.0,TRCTerracoin,TRC,649240.25,0.1664,3901450,0.28,1.19,5.22,2013/10/06,0.0
10.0,CBXBullion,CBX,282231.13,0.3363,839108,0.97,4.32,1.67,2013/10/06,0.0
11.0,DVCDevcoin,DVC,238140.94,4.386e-05,5429570048,0.15,7.73,11.13,2013/10/06,0.0
12.0,MECMegacoin,MEC,228515.23,0.01179,19387500,6.03,11.26,0.0,2013/10/06,0.0
13.0,IXCIxcoin,IXC,219655.71,0.01393,15772658,0.15,2.94,36.84,2013/10/06,0.0
14.0,WDCWorldCoin,WDC,203604.31,0.008332,24436104,7.57,21.41,51.33,2013/10/06,0.0
15.0,MNCMincoin,MNC,183516.39,0.1355,1354864,0.15,3.42,22.26,2013/10/06,0.0
16.0,IFCInfinitecoin,IFC,166301.52,2.06e-06,80713220096,1.53,0.61,0.0,2013/10/06,0.0
17.0,DGCDigitalcoin,DGC,163081.85,0.01755,9290126,0.19,11.96,0.63,2013/10/06,0.0
18.0,ANCAnoncoin,ANC,120598.86,0.2585,466474,0.15,2.87,0.0,2013/10/06,0.0
19.0,FRCFreicoin,FRC,113663.23,0.003999,28422914,0.15,15.25,2.37,2013/10/06,0.0
20.0,GLCGoldCoin,GLC,80989.97,0.002971,27261364,0.16,4.33,30.27,2013/10/06,0.0
1.0,BTCBitcoin,BTC,1634968896.3,138.13,11836450,0.3,2.27,7.12,2013/10/13,0.0
2.0,XRPXRP,XRP,65761480.71,0.008412,7817889792,0.18,10.26,13.07,2013/10/13,0.0
3.0,LTCLitecoin,LTC,46962275.38,2.1286,22062692,0.44,0.23,1.88,2013/10/13,0.0
4.0,PPCPeercoin,PPC,8371560.83,0.4075,20544540,0.33,0.91,13.81,2013/10/13,0.0
5.0,NMCNamecoin,NMC,4250854.27,0.6092,6978300,0.88,0.66,6.94,2013/10/13,0.0
6.0,XPMPrimecoin,XPM,2332161.95,0.9255,2519973,2.99,42.05,178.77,2013/10/13,0.0
7.0,NVCNovacoin,NVC,1937980.26,4.3331,447246,0.1,1.13,2.86,2013/10/13,0.0
8.0,FTCFeathercoin,FTC,1907171.93,0.09945,19176500,1.09,4.74,16.02,2013/10/13,0.0
9.0,TRCTerracoin,TRC,654518.62,0.1644,3981870,3.54,2.98,1.03,2013/10/13,0.0
10.0,WDCWorldCoin,WDC,504447.87,0.0198,25477738,10.15,5.99,132.05,2013/10/13,0.0
11.0,MNCMincoin,MNC,451088.56,0.3311,1362460,8.75,26.4,141.5,2013/10/13,0.0
12.0,CBXBullion,CBX,346840.57,0.4075,851177,0.29,0.0,0.0,2013/10/13,0.0
13.0,DVCDevcoin,DVC,264767.52,4.835e-05,5476570112,0.3,4.93,7.62,2013/10/13,0.0
14.0,IXCIxcoin,IXC,251994.2,0.01579,15962258,0.3,1.66,0.0,2013/10/13,0.0
15.0,MECMegacoin,MEC,234457.13,0.01191,19686450,0.21,11.84,0.1,2013/10/13,0.0
16.0,FRCFreicoin,FRC,221760.42,0.007597,29189950,0.3,27.67,93.74,2013/10/13,0.0
17.0,DGCDigitalcoin,DGC,188520.09,0.01979,9526748,6.81,2.93,8.91,2013/10/13,0.0
18.0,ANCAnoncoin,ANC,155328.02,0.3315,468544,0.29,9.35,22.92,2013/10/13,0.0
19.0,IFCInfinitecoin,IFC,151452.97,1.85e-06,81986125824,0.94,2.81,12.86,2013/10/13,0.0
20.0,GLCGoldCoin,GLC,77552.48,0.002832,27387590,0.29,1.51,6.29,2013/10/13,0.0
1.0,BTCBitcoin,BTC,2073319147.25,174.61,11874000,0.39,1.54,25.56,2013/10/20,0.0
2.0,XRPXRP,XRP,52377129.63,0.0067,7817889792,0.41,7.18,20.8,2013/10/20,0.0
3.0,LTCLitecoin,LTC,42968335.05,1.9294,22269842,0.21,2.41,9.42,2013/10/20,0.0
4.0,PPCPeercoin,PPC,6650532.18,0.323,20588066,0.94,5.67,20.54,2013/10/20,0.0
5.0,NMCNamecoin,NMC,3329028.64,0.4714,7061300,0.02,1.69,22.87,2013/10/20,0.0
6.0,NVCNovacoin,NVC,2068554.51,4.5381,455818,0.31,0.96,6.73,2013/10/20,0.0
7.0,XPMPrimecoin,XPM,1914905.51,0.725,2641319,1.67,2.05,21.87,2013/10/20,0.0
8.0,FTCFeathercoin,FTC,1428630.62,0.07159,19955700,0.02,0.36,28.22,2013/10/20,0.0
9.0,WDCWorldCoin,WDC,492548.61,0.01851,26614302,3.89,0.0,3.27,2013/10/20,0.0
10.0,TRCTerracoin,TRC,464703.08,0.1152,4032390,2.56,7.21,29.48,2013/10/20,0.0
11.0,CBXBullion,CBX,356813.8,0.4144,861106,1.01,3.25,0.0,2013/10/20,0.0
12.0,DVCDevcoin,DVC,270046.86,4.889e-05,5523469824,0.39,4.95,0.73,2013/10/20,0.0
13.0,MNCMincoin,MNC,264358.35,0.194,1362460,5.46,16.79,39.84,2013/10/20,0.0
14.0,FRCFreicoin,FRC,192525.42,0.006461,29800068,0.39,3.67,15.81,2013/10/20,0.0
15.0,MECMegacoin,MEC,192050.98,0.00963,19942124,2.67,26.06,27.28,2013/10/20,0.0
16.0,IXCIxcoin,IXC,168802.15,0.01048,16109618,0.39,32.97,34.07,2013/10/20,0.0
17.0,GLCGoldCoin,GLC,127687.8,0.004636,27544730,1.01,22.01,65.4,2013/10/20,0.0
18.0,DGCDigitalcoin,DGC,110326.84,0.01138,9695346,6.54,25.73,40.99,2013/10/20,0.0
19.0,BQCBBQCoin,BQC,62237.41,0.00241,25828746,0.39,21.85,95.53,2013/10/20,0.0
20.0,ZETZetacoin,ZET,52416.85,0.0003557,147379504,0.68,6.39,19.19,2013/10/20,0.0
1.0,BTCBitcoin,BTC,2339831246.08,196.44,11911175,1.65,10.67,12.45,2013/10/27,0.0
2.0,XRPXRP,XRP,53493201.51,0.006842,7817889792,1.65,12.3,2.0,2013/10/27,0.0
3.0,LTCLitecoin,LTC,47869216.16,2.1294,22480042,1.58,3.23,10.98,2013/10/27,0.0
4.0,PPCPeercoin,PPC,7776359.18,0.3772,20617934,1.2,17.38,18.14,2013/10/27,0.0
5.0,NMCNamecoin,NMC,3223967.8,0.4538,7104750,0.53,4.22,3.0,2013/10/27,0.0
6.0,NVCNovacoin,NVC,1922215.12,4.1626,461786,1.6,3.28,7.47,2013/10/27,0.0
7.0,XPMPrimecoin,XPM,1801599.18,0.6561,2745799,1.22,4.76,9.7,2013/10/27,0.0
8.0,FTCFeathercoin,FTC,1548705.52,0.07465,20747000,1.65,3.94,6.12,2013/10/27,0.0
9.0,TRCTerracoin,TRC,450862.3,0.11,4098510,0.88,10.83,2.62,2013/10/27,0.0
10.0,WDCWorldCoin,WDC,395415.54,0.01424,27764240,1.64,0.0,19.4,2013/10/27,0.0
11.0,DVCDevcoin,DVC,306421.17,5.5e-05,5570970112,1.65,10.74,12.17,2013/10/27,0.0
12.0,MECMegacoin,MEC,256422.86,0.01271,20172300,3.57,9.47,0.0,2013/10/27,0.0
13.0,CBXBullion,CBX,243761.41,0.279,873833,1.65,11.12,0.0,2013/10/27,0.0
14.0,MNCMincoin,MNC,160395.01,0.1177,1362460,1.12,12.08,36.8,2013/10/27,0.0
15.0,FRCFreicoin,FRC,149092.98,0.004911,30358986,1.65,8.65,24.94,2013/10/27,0.0
16.0,IXCIxcoin,IXC,143943.59,0.008859,16247474,1.65,16.76,18.37,2013/10/27,0.0
17.0,ANCAnoncoin,ANC,129781.15,0.2729,475641,2.39,13.87,0.0,2013/10/27,0.0
18.0,DGCDigitalcoin,DGC,124639.9,0.01243,10029932,1.42,8.6,0.0,2013/10/27,0.0
19.0,GLCGoldCoin,GLC,92268.49,0.003324,27760236,4.13,10.4,0.0,2013/10/27,0.0
20.0,IFCInfinitecoin,IFC,62399.56,7.3e-07,85011726336,0.75,37.05,0.0,2013/10/27,0.0
1.0,BTCBitcoin,BTC,2568713147.7,215.05,11944725,0.77,4.26,11.2,2013/11/03,0.0
2.0,LTCLitecoin,LTC,65383974.75,2.8838,22672692,2.07,5.97,34.03,2013/11/03,0.0
3.0,XRPXRP,XRP,55978082.55,0.00716,7817889792,2.37,5.04,6.37,2013/11/03,0.0
4.0,PPCPeercoin,PPC,8269006.54,0.4,20672878,0.04,3.13,7.6,2013/11/03,0.0
5.0,NMCNamecoin,NMC,4196113.79,0.5828,7200100,1.22,9.64,29.87,2013/11/03,0.0
6.0,NVCNovacoin,NVC,1991593.65,4.2515,468441,0.96,3.22,3.79,2013/11/03,0.0
7.0,XPMPrimecoin,XPM,1943272.47,0.6774,2868691,0.89,3.45,2.45,2013/11/03,0.0
8.0,FTCFeathercoin,FTC,1806331.01,0.08387,21537400,1.27,2.36,15.8,2013/11/03,0.0
9.0,WDCWorldCoin,WDC,777203.28,0.02709,28685280,8.68,7.17,86.51,2013/11/03,0.0
10.0,MNCMincoin,MNC,752030.26,0.5376,1398890,3.07,2.02,252.65,2013/11/03,0.0
11.0,TRCTerracoin,TRC,487423.34,0.1161,4197330,4.39,25.26,13.25,2013/11/03,0.0
12.0,MECMegacoin,MEC,258339.92,0.01268,20367950,0.74,0.63,2.8,2013/11/03,0.0
13.0,DVCDevcoin,DVC,253658.42,4.516e-05,5616820224,3.74,9.2,16.58,2013/11/03,0.0
14.0,CBXBullion,CBX,186529.86,0.2108,884972,12.17,4.45,22.23,2013/11/03,0.0
15.0,IXCIxcoin,IXC,183018.46,0.01118,16372658,0.84,8.3,27.82,2013/11/03,0.0
16.0,FRCFreicoin,FRC,169416.58,0.005484,30894152,0.84,6.25,8.08,2013/11/03,0.0
17.0,DGCDigitalcoin,DGC,123461.97,0.01203,10259260,5.81,3.34,6.94,2013/11/03,0.0
18.0,ANCAnoncoin,ANC,121635.99,0.2495,487601,0.84,6.4,7.44,2013/11/03,0.0
19.0,IFCInfinitecoin,IFC,82466.66,9.6e-07,85706964992,0.08,3.75,1.28,2013/11/03,0.0
20.0,QRKQuark,QRK,51884.95,0.000215,241269248,14.59,46.15,99.67,2013/11/03,0.0
1.0,BTCBitcoin,BTC,3910613036.04,326.62,11972975,0.78,4.22,52.6,2013/11/10,0.0
2.0,LTCLitecoin,LTC,90017168.4,3.9325,22890542,1.46,7.09,34.62,2013/11/10,0.0
3.0,XRPXRP,XRP,67307326.84,0.008609,7817889792,0.67,0.89,19.52,2013/11/10,0.0
4.0,PPCPeercoin,PPC,12720279.23,0.614,20715528,2.18,5.65,53.81,2013/11/10,0.0
5.0,NMCNamecoin,NMC,4624532.62,0.6369,7260900,2.12,4.62,13.6,2013/11/10,0.0
6.0,NVCNovacoin,NVC,2458420.76,5.1737,475180,0.07,1.47,22.44,2013/11/10,0.0
7.0,FTCFeathercoin,FTC,2408398.36,0.1078,22344550,0.78,3.86,28.46,2013/11/10,0.0
8.0,XPMPrimecoin,XPM,2255477.92,0.7545,2989399,1.72,8.16,11.27,2013/11/10,0.0
9.0,WDCWorldCoin,WDC,1003540.14,0.03364,29833000,4.16,1.77,32.89,2013/11/10,0.0
10.0,TRCTerracoin,TRC,599258.97,0.1404,4266810,1.79,8.03,24.5,2013/11/10,0.0
11.0,CBXBullion,CBX,472541.19,0.5275,895828,4.39,24.48,153.34,2013/11/10,0.0
12.0,MNCMincoin,MNC,457336.73,0.3266,1400210,0.78,31.77,36.0,2013/11/10,0.0
13.0,DVCDevcoin,DVC,388413.93,6.859e-05,5662819840,0.78,16.9,39.9,2013/11/10,0.0
14.0,CLRCopperlark,CLR,315161.62,0.06859,4594849,1.03,5.92,6.4,2013/11/10,0.0
15.0,MECMegacoin,MEC,298283.64,0.0145,20568550,1.19,1.5,13.71,2013/11/10,0.0
16.0,IXCIxcoin,IXC,274793.49,0.01666,16493330,0.8,21.67,52.86,2013/11/10,0.0
17.0,FRCFreicoin,FRC,216303.13,0.006839,31625932,0.78,7.44,21.31,2013/11/10,0.0
18.0,DGCDigitalcoin,DGC,169845.8,0.01618,10496778,0.8,6.19,28.88,2013/11/10,0.0
19.0,GLCGoldCoin,GLC,135759.47,0.004824,28141476,3.26,4.0,0.0,2013/11/10,0.0
20.0,ANCAnoncoin,ANC,120244.92,0.2386,504031,0.03,1.66,3.04,2013/11/10,0.0
1.0,BTCBitcoin,BTC,5907841887.89,492.11,12005125,1.31,11.34,55.65,2013/11/17,0.0
2.0,LTCLitecoin,LTC,94452809.89,4.0894,23096792,3.21,5.33,8.81,2013/11/17,0.0
3.0,XRPXRP,XRP,79811364.08,0.01021,7817889792,1.73,0.82,22.2,2013/11/17,0.0
4.0,PPCPeercoin,PPC,15956728.66,0.7689,20752612,4.92,7.51,30.83,2013/11/17,0.0
5.0,NMCNamecoin,NMC,4578176.84,0.6255,7319500,0.85,3.68,1.29,2013/11/17,0.0
6.0,NVCNovacoin,NVC,2355870.65,4.87,483751,0.53,4.06,4.42,2013/11/17,0.0
7.0,XPMPrimecoin,XPM,2119653.38,0.6889,3076647,1.55,9.57,4.71,2013/11/17,0.0
8.0,WDCWorldCoin,WDC,1554778.74,0.05015,31005034,3.71,9.34,57.3,2013/11/17,0.0
9.0,FTCFeathercoin,FTC,1388509.41,0.06004,23127400,27.02,35.66,42.86,2013/11/17,0.0
10.0,CBXBullion,CBX,1031000.99,1.1443,900959,1.45,3.43,128.64,2013/11/17,0.0
11.0,DVCDevcoin,DVC,477500.44,8.366e-05,5707720192,1.31,11.34,24.89,2013/11/17,0.0
12.0,MECMegacoin,MEC,347575.15,0.01673,20773400,2.73,17.32,16.1,2013/11/17,0.0
13.0,IXCIxcoin,IXC,294130.62,0.01772,16602578,1.31,1.65,13.06,2013/11/17,0.0
14.0,CLRCopperlark,CLR,278987.93,0.05905,4724349,1.32,30.9,12.61,2013/11/17,0.0
15.0,DGCDigitalcoin,DGC,261038.27,0.02441,10694496,2.64,22.27,55.02,2013/11/17,0.0
16.0,MNCMincoin,MNC,259347.21,0.1847,1404238,4.66,24.03,32.11,2013/11/17,0.0
17.0,TRCTerracoin,TRC,212057.32,0.04927,4304410,1.21,1.17,63.78,2013/11/17,0.0
18.0,FRCFreicoin,FRC,190930.6,0.005905,32331966,6.05,2.71,10.8,2013/11/17,0.0
19.0,GLCGoldCoin,GLC,163176.78,0.005763,28316480,0.84,2.47,31.61,2013/11/17,0.0
20.0,ANCAnoncoin,ANC,136914.44,0.2628,520971,2.06,4.96,10.13,2013/11/17,0.0
1.0,BTCBitcoin,BTC,9317034156.25,774.25,12033625,0.89,2.56,57.66,2013/11/24,0.0
2.0,LTCLitecoin,LTC,242572318.54,10.41,23310992,0.42,1.41,150.93,2013/11/24,0.0
3.0,XRPXRP,XRP,91218427.45,0.01167,7817889792,0.28,19.85,12.92,2013/11/24,0.0
4.0,PPCPeercoin,PPC,45055424.12,2.1679,20782980,4.93,22.55,170.46,2013/11/24,0.0
5.0,NMCNamecoin,NMC,20001994.64,2.7099,7381150,0.63,1.18,339.02,2013/11/24,0.0
6.0,PTSBitShares PTS,PTS,7490654.02,7.9206,945721,4.04,6.19,0.0,2013/11/24,0.0
7.0,FTCFeathercoin,FTC,5557748.31,0.2323,23927450,3.2,11.13,193.4,2013/11/24,0.0
8.0,XPMPrimecoin,XPM,5360236.8,1.6956,3161249,2.55,8.46,159.02,2013/11/24,0.0
9.0,NVCNovacoin,NVC,4059827.38,8.1993,495143,0.25,0.37,70.25,2013/11/24,0.0
10.0,WDCWorldCoin,WDC,2987078.31,0.0929,32152914,8.02,0.15,86.02,2013/11/24,0.0
11.0,MECMegacoin,MEC,2859161.65,0.1363,20981900,2.46,54.31,750.51,2013/11/24,0.0
12.0,CBXBullion,CBX,1846880.68,2.0392,905680,1.61,4.23,74.71,2013/11/24,0.0
13.0,FRCFreicoin,FRC,1179399.59,0.03562,33114784,0.91,19.36,478.68,2013/11/24,0.0
14.0,IXCIxcoin,IXC,1035452.98,0.06193,16719122,0.89,59.03,250.33,2013/11/24,0.0
15.0,ANCAnoncoin,ANC,958863.75,1.7809,538413,3.65,30.6,590.89,2013/11/24,0.0
16.0,DVCDevcoin,DVC,846444.75,0.0001471,5753920000,0.69,0.15,77.81,2013/11/24,0.0
17.0,DGCDigitalcoin,DGC,681230.63,0.0627,10865136,3.52,56.15,183.48,2013/11/24,0.0
18.0,IFCInfinitecoin,IFC,629489.07,7.17e-06,87817371648,0.51,12.5,365.83,2013/11/24,0.0
19.0,TRCTerracoin,TRC,605768.1,0.1394,4346630,4.24,6.21,176.79,2013/11/24,0.0
20.0,BQCBBQCoin,BQC,573644.6,0.0209,27440874,1.51,60.58,1081.06,2013/11/24,0.0
1.0,BTCBitcoin,BTC,11531708652.96,955.85,12064350,0.94,15.47,22.1,2013/12/01,0.0
2.0,LTCLitecoin,LTC,817326372.71,34.74,23529942,1.42,14.91,231.88,2013/12/01,0.0
3.0,XRPXRP,XRP,402593977.4,0.0515,7817889792,1.49,32.27,342.0,2013/12/01,0.0
4.0,PPCPeercoin,PPC,133213784.09,6.3851,20863298,2.2,17.55,197.14,2013/12/01,0.0
5.0,NMCNamecoin,NMC,62668948.41,8.421,7441950,0.55,17.15,214.37,2013/12/01,0.0
6.0,QRKQuark,QRK,61041537.07,0.2485,245628672,2.37,0.0,9000.0,2013/12/01,0.0
7.0,MECMegacoin,MEC,31753577.99,1.5055,21092224,10.47,35.65,943.84,2013/12/01,0.0
8.0,PTSBitShares PTS,PTS,24532015.38,24.71,992689,18.58,0.0,213.51,2013/12/01,0.0
9.0,FTCFeathercoin,FTC,24154271.26,0.975,24774450,2.14,25.8,301.48,2013/12/01,0.0
10.0,XPMPrimecoin,XPM,18467629.33,5.5439,3331144,5.31,22.84,209.75,2013/12/01,0.0
11.0,WDCWorldCoin,WDC,16223784.23,0.4875,33281990,4.62,0.0,459.48,2013/12/01,0.0
12.0,FRCFreicoin,FRC,10905476.8,0.3221,33855172,1.02,30.07,753.76,2013/12/01,0.0
13.0,NVCNovacoin,NVC,10848054.0,21.54,503734,0.38,15.31,163.86,2013/12/01,0.0
14.0,BQCBBQCoin,BQC,6523733.24,0.2342,27857386,0.27,0.0,904.86,2013/12/01,0.0
15.0,ZETZetacoin,ZET,5959034.15,0.03783,157510800,6.34,5.11,5676.86,2013/12/01,0.0
16.0,IFCInfinitecoin,IFC,5763848.99,6.539e-05,88138989568,1.1,15.91,813.81,2013/12/01,0.0
17.0,TRCTerracoin,TRC,5460825.59,1.2139,4498470,2.23,19.07,720.49,2013/12/01,0.0
18.0,CBXBullion,CBX,4352024.72,4.7793,910599,5.6,22.15,135.9,2013/12/01,0.0
19.0,DVCDevcoin,DVC,3631041.48,0.0006262,5798070272,2.27,1.3,329.65,2013/12/01,0.0
20.0,ANCAnoncoin,ANC,3503695.91,6.3086,555383,11.17,35.71,224.85,2013/12/01,0.0
1.0,BTCBitcoin,BTC,9627500053.68,795.87,12096825,0.71,13.03,17.53,2013/12/08,0.0
2.0,LTCLitecoin,LTC,648135180.44,27.27,23763442,0.58,16.09,19.39,2013/12/08,0.0
3.0,XRPXRP,XRP,285005350.24,0.03646,7817889792,0.03,9.32,32.65,2013/12/08,0.0
4.0,PPCPeercoin,PPC,84643503.94,4.051,20894584,2.93,19.63,35.1,2013/12/08,0.0
5.0,NMCNamecoin,NMC,46654461.57,6.2874,7420343,1.89,16.97,23.83,2013/12/08,0.0
6.0,QRKQuark,QRK,26259005.81,0.1067,246040928,1.34,25.57,56.01,2013/12/08,0.0
7.0,WDCWorldCoin,WDC,26148372.94,0.7601,34401424,2.32,44.09,62.47,2013/12/08,0.0
8.0,MECMegacoin,MEC,21083628.39,0.9948,21193376,3.49,1.18,36.79,2013/12/08,0.0
9.0,XPMPrimecoin,XPM,12090897.08,3.5018,3452739,3.15,25.59,34.68,2013/12/08,0.0
10.0,FTCFeathercoin,FTC,11388199.45,0.4457,25552000,2.71,30.07,52.87,2013/12/08,0.0
11.0,NVCNovacoin,NVC,8671710.8,16.94,512025,0.09,12.59,21.38,2013/12/08,0.0
12.0,ZETZetacoin,ZET,5725811.69,0.03621,158118800,19.01,324.67,7.47,2013/12/08,0.0
13.0,FRCFreicoin,FRC,4514680.76,0.1326,34035136,0.53,0.96,59.39,2013/12/08,0.0
14.0,ANCAnoncoin,ANC,4147469.68,7.2423,572673,2.63,47.92,15.99,2013/12/08,0.0
15.0,NXTNxt,NXT,3979349.97,0.003979,1000000000,1.95,34.41,0.0,2013/12/08,0.0
16.0,IFCInfinitecoin,IFC,3552186.57,4.016e-05,88460771328,1.24,75.22,35.95,2013/12/08,0.0
17.0,TRCTerracoin,TRC,2940547.25,0.6447,4561430,1.74,31.47,42.6,2013/12/08,0.0
18.0,CBXBullion,CBX,2915897.78,3.1835,915947,0.84,18.84,32.09,2013/12/08,0.0
19.0,SBCStableCoin,SBC,2486227.64,0.2945,8443005,7.77,0.0,131.53,2013/12/08,0.0
20.0,BQCBBQCoin,BQC,2272191.51,0.08037,28269910,1.39,51.75,62.25,2013/12/08,0.0
1.0,BTCBitcoin,BTC,10625517591.78,876.12,12127925,0.08,0.21,11.75,2013/12/15,0.0
2.0,LTCLitecoin,LTC,750162075.22,31.28,23984092,0.15,2.67,16.14,2013/12/15,0.0
3.0,XRPXRP,XRP,227789115.66,0.02914,7817889792,0.32,8.77,18.7,2013/12/15,0.0
4.0,PPCPeercoin,PPC,91649291.87,4.3806,20921630,1.49,2.43,7.18,2013/12/15,0.0
5.0,QRKQuark,QRK,45754312.27,0.1857,246373520,0.02,2.99,74.26,2013/12/15,0.0
6.0,NMCNamecoin,NMC,43908870.14,5.8612,7491393,0.47,0.76,5.15,2013/12/15,0.0
7.0,WDCWorldCoin,WDC,22368317.29,0.6306,35472192,0.08,0.91,12.88,2013/12/15,0.0
8.0,PTSBitShares PTS,PTS,21565737.77,18.73,1151312,0.22,4.27,5.13,2013/12/15,0.0
9.0,MECMegacoin,MEC,18619300.28,0.8744,21294800,0.22,0.23,10.04,2013/12/15,0.0
10.0,XPMPrimecoin,XPM,14201579.12,3.9601,3586201,2.11,1.28,13.25,2013/12/15,0.0
11.0,FTCFeathercoin,FTC,11783591.36,0.4468,26372050,1.89,2.66,2.68,2013/12/15,0.0
12.0,ZETZetacoin,ZET,10140250.85,0.06393,158613728,0.22,6.64,106.44,2013/12/15,0.0
13.0,DVCDevcoin,DVC,9706426.25,0.001647,5893020160,2.22,25.46,411.83,2013/12/15,0.0
14.0,NVCNovacoin,NVC,9066531.49,17.43,520025,0.68,0.76,3.17,2013/12/15,0.0
15.0,NXTNxt,NXT,7429497.78,0.00743,1000000000,11.18,41.19,80.43,2013/12/15,0.0
16.0,DGCDigitalcoin,DGC,6431612.06,0.5606,11472132,0.22,20.91,279.71,2013/12/15,0.0
17.0,IFCInfinitecoin,IFC,5478057.12,6.17e-05,88785371136,0.67,11.13,41.76,2013/12/15,0.0
18.0,FRCFreicoin,FRC,5110690.82,0.1489,34313664,1.06,5.99,13.8,2013/12/15,0.0
19.0,ANCAnoncoin,ANC,3497227.45,5.9316,589593,5.73,5.87,9.43,2013/12/15,0.0
20.0,CLRCopperlark,CLR,3344091.57,0.6392,5231399,2.21,21.15,152.47,2013/12/15,0.0
1.0,BTCBitcoin,BTC,7505757333.43,617.18,12161375,0.68,2.42,29.26,2013/12/22,0.0
2.0,LTCLitecoin,LTC,407576814.52,16.86,24181092,0.21,0.65,45.92,2013/12/22,0.0
3.0,XRPXRP,XRP,169773560.84,0.02172,7817889792,0.88,0.61,25.01,2013/12/22,0.0
4.0,PPCPeercoin,PPC,64141315.83,3.0612,20952910,0.58,0.64,30.43,2013/12/22,0.0
5.0,NXTNxt,NXT,33240148.04,0.03324,999998016,9.54,83.1,370.48,2013/12/22,0.0
6.0,NMCNamecoin,NMC,30563713.11,4.0425,7560543,1.2,0.95,30.6,2013/12/22,0.0
7.0,QRKQuark,QRK,20966260.3,0.08499,246703424,0.16,2.97,53.66,2013/12/22,0.0
8.0,PTSBitShares PTS,PTS,15276674.7,12.91,1183445,0.75,2.08,22.61,2013/12/22,0.0
9.0,WDCWorldCoin,WDC,14089213.89,0.3853,36564004,3.13,1.54,35.21,2013/12/22,0.0
10.0,MECMegacoin,MEC,11094799.84,0.5186,21395624,1.25,0.2,37.18,2013/12/22,0.0
11.0,XPMPrimecoin,XPM,7517762.08,2.0367,3691159,1.71,1.06,47.59,2013/12/22,0.0
12.0,FTCFeathercoin,FTC,7045544.63,0.2592,27180250,1.21,3.35,40.37,2013/12/22,0.0
13.0,NVCNovacoin,NVC,6087466.25,11.5,529434,0.95,1.67,33.71,2013/12/22,0.0
14.0,ZETZetacoin,ZET,5296156.92,0.0333,159029264,3.64,5.91,45.64,2013/12/22,0.0
15.0,DOGEDogecoin,DOGE,3706589.8,0.0003148,11775856640,3.04,20.97,33.05,2013/12/22,0.0
16.0,IFCInfinitecoin,IFC,3154708.7,3.54e-05,89110020096,2.44,1.81,41.55,2013/12/22,0.0
17.0,DVCDevcoin,DVC,3152653.92,0.0005308,5939720192,0.35,1.86,66.75,2013/12/22,0.0
18.0,FRCFreicoin,FRC,2787772.87,0.0803,34719084,4.52,6.76,46.03,2013/12/22,0.0
19.0,DGCDigitalcoin,DGC,2419598.18,0.2076,11654357,4.24,14.26,61.24,2013/12/22,0.0
20.0,CLRCopperlark,CLR,2281039.22,0.4257,5358249,0.65,0.78,32.95,2013/12/22,0.0
1.0,BTCBitcoin,BTC,9082103472.45,745.05,12189925,0.1,1.96,17.84,2013/12/29,19011344.0
2.0,LTCLitecoin,LTC,586899831.49,24.07,24387992,0.94,6.35,39.97,2013/12/29,11384235.0
3.0,XRPXRP,XRP,212783895.27,0.02722,7817889792,0.27,0.33,22.27,2013/12/29,56771.56
4.0,OMNIOmni,OMNI,111753184.65,180.4,619478,0.05,6.45,0.0,2013/12/29,256754.03
5.0,PPCPeercoin,PPC,89891412.39,4.284,20982872,0.3,1.12,37.05,2013/12/29,540364.44
6.0,NXTNxt,NXT,56123014.95,0.05612,999998016,0.16,4.0,59.9,2013/12/29,501303.94
7.0,NMCNamecoin,NMC,38151789.93,5.0067,7620093,0.23,3.74,22.58,2013/12/29,608204.56
8.0,QRKQuark,QRK,27406774.15,0.111,246896752,0.71,4.15,27.17,2013/12/29,107893.75
9.0,PTSBitShares PTS,PTS,25317603.81,20.76,1219272,5.31,0.0,62.16,2013/12/29,38473.83
10.0,WDCWorldCoin,WDC,19546847.28,0.519,37664548,4.28,6.21,30.83,2013/12/29,123416.81
11.0,MECMegacoin,MEC,18066158.45,0.8404,21496676,1.84,2.46,58.27,2013/12/29,47377.97
12.0,XPMPrimecoin,XPM,10266259.43,2.712,3785519,1.37,4.52,29.59,2013/12/29,61540.21
13.0,IFCInfinitecoin,IFC,9681912.75,0.0001084,89307070464,0.6,27.96,193.06,2013/12/29,115791.45
14.0,FTCFeathercoin,FTC,9589252.79,0.3427,27979600,1.8,2.01,28.93,2013/12/29,63072.83
15.0,DOGEDogecoin,DOGE,7634725.53,0.0004545,16798796800,0.98,1.76,43.74,2013/12/29,360974.5
16.0,NVCNovacoin,NVC,7426824.86,13.78,538823,0.36,2.2,17.76,2013/12/29,34403.87
17.0,ZETZetacoin,ZET,5652165.71,0.03549,159242032,4.47,6.83,7.0,2013/12/29,8992.33
18.0,DVCDevcoin,DVC,3791059.92,0.0006333,5986270208,0.1,1.11,16.67,2013/12/29,4701.0
19.0,ANCAnoncoin,ANC,2879432.55,4.6194,623335,0.03,0.13,22.83,2013/12/29,5745.18
20.0,DGCDigitalcoin,DGC,2846070.43,0.2405,11835701,0.14,0.91,5.0,2013/12/29,19775.66
