Rank,Name,Symbol,Market Cap,Price,Circulating Supply,volume (24h),% 1h,% 24h,% 7d,trading_date
1.0,BTCBitcoin,BTC,71206795852.79,4076.63,17467062,5597027439.6,0.24,6.01,5.84,2019/01/06
2.0,ETHEthereum,ETH,16442429109.11,157.75,104233441,3231294371.16,0.5,1.14,14.01,2019/01/06
3.0,XRPXRP,XRP,15028369642.24,0.3684,40794121066,492558794.21,0.2,3.49,0.57,2019/01/06
4.0,BCHBitcoin Cash,BCH,2928444441.06,166.84,17552288,226834845.39,0.27,3.78,3.14,2019/01/06
5.0,EOSEOS,EOS,2605701210.9,2.8753,906245118,867964714.76,0.33,6.14,8.62,2019/01/06
6.0,LTCLitecoin,LTC,2354185201.46,39.3,59904678,809493170.15,0.36,12.13,23.71,2019/01/06
7.0,XLMStellar,XLM,2306881891.24,0.1204,19162756352,93094440.38,0.07,5.54,2.57,2019/01/06
8.0,USDTTether,USDT,1910347640.98,1.0236,1866343584,4224650069.65,0.01,0.63,0.29,2019/01/06
9.0,BSVBitcoin SV,BSV,1586211999.9,90.38,17551311,57596542.72,0.09,2.54,2.3,2019/01/06
10.0,TRXTRON,TRX,1533052180.5,0.023,66641117515,151845151.58,1.27,2.86,15.62,2019/01/06
11.0,ADACardano,ADA,1277183981.11,0.04926,25927070538,51366407.22,0.36,9.03,14.95,2019/01/06
12.0,MIOTAIOTA,MIOTA,1058789309.41,0.3809,2779530283,11081926.63,0.13,2.87,6.22,2019/01/06
13.0,XMRMonero,XMR,916301117.67,54.88,16697487,16838853.81,0.33,9.74,13.75,2019/01/06
14.0,BNBBinance Coin,BNB,836589632.29,6.396,130799308,41574183.39,0.5,5.46,6.3,2019/01/06
15.0,DASHDash,DASH,734199903.57,85.84,8553619,108093795.75,0.53,6.52,5.24,2019/01/06
16.0,XEMNEM,XEM,599643070.52,0.06663,8999999999,12431049.41,0.49,2.96,2.18,2019/01/06
17.0,ETCEthereum Classic,ETC,590704004.74,5.5037,107328788,132701649.39,2.0,6.78,4.65,2019/01/06
18.0,NEONeo,NEO,561765113.28,8.6425,65000000,153043099.98,0.13,10.29,8.0,2019/01/06
19.0,MKRMaker,MKR,379720591.31,521.43,728228,397424.2,1.22,2.35,10.38,2019/01/06
20.0,ZECZcash,ZEC,346091701.27,61.62,5616144,255070881.77,0.06,5.99,3.53,2019/01/06
1.0,BTCBitcoin,BTC,62106461671.35,3552.95,17480237,4681302465.82,0.08,2.97,12.8,2019/01/13
2.0,XRPXRP,XRP,13045216854.28,0.3179,41040405095,452358901.65,0.0,3.26,13.59,2019/01/13
3.0,ETHEthereum,ETH,12199288487.1,116.9,104358579,2268263943.76,0.04,7.13,25.7,2019/01/13
4.0,BCHBitcoin Cash,BCH,2219291824.6,126.35,17564663,182166623.65,1.12,6.25,24.36,2019/01/13
5.0,EOSEOS,EOS,2048265249.27,2.2602,906245118,654710954.68,0.17,6.81,21.2,2019/01/13
6.0,XLMStellar,XLM,1981659222.06,0.1036,19126369243,119389904.42,0.04,2.94,14.09,2019/01/13
7.0,USDTTether,USDT,1967105373.4,1.0201,1928363199,3380321685.87,0.12,0.07,0.29,2019/01/13
8.0,LTCLitecoin,LTC,1820214943.64,30.33,60007950,564244096.21,0.07,6.36,22.4,2019/01/13
9.0,TRXTRON,TRX,1418916137.77,0.02129,66648475827,170493613.49,0.0,9.28,7.68,2019/01/13
10.0,BSVBitcoin SV,BSV,1360198444.65,77.44,17563823,134938585.17,1.76,8.28,14.18,2019/01/13
11.0,ADACardano,ADA,1043328639.9,0.04024,25927070538,21758341.35,0.2,7.76,19.1,2019/01/13
12.0,MIOTAIOTA,MIOTA,818882842.23,0.2946,2779530283,7453979.06,0.15,6.08,22.51,2019/01/13
13.0,BNBBinance Coin,BNB,728389539.4,5.5688,130799308,26590183.32,0.32,6.79,12.55,2019/01/13
14.0,XMRMonero,XMR,719835396.81,43.11,16697487,16719881.72,0.46,4.29,20.51,2019/01/13
15.0,DASHDash,DASH,601912035.98,70.26,8566436,128458986.52,0.11,4.48,18.2,2019/01/13
16.0,XEMNEM,XEM,493580946.86,0.05484,8999999999,13730909.45,0.0,4.38,17.18,2019/01/13
17.0,NEONeo,NEO,468999891.36,7.2154,65000000,114403811.58,0.19,7.0,17.56,2019/01/13
18.0,ETCEthereum Classic,ETC,456169750.47,4.2434,107501675,119300252.27,0.02,7.3,21.43,2019/01/13
19.0,USDCUSD Coin,USDC,372399548.3,1.0111,368307846,16808894.46,0.01,0.08,0.14,2019/01/13
20.0,MKRMaker,MKR,308094621.75,423.07,728228,229375.34,0.41,2.73,18.11,2019/01/13
1.0,BTCBitcoin,BTC,62990143284.1,3601.01,17492337,5582489559.53,0.24,3.49,1.01,2019/01/20
2.0,XRPXRP,XRP,13181215053.67,0.3212,41040405095,407205880.81,0.25,3.05,0.17,2019/01/20
3.0,ETHEthereum,ETH,12483136112.36,119.47,104483398,2964108269.11,0.18,4.17,1.6,2019/01/20
4.0,BCHBitcoin Cash,BCH,2177598900.14,123.89,17577375,269797873.88,0.37,4.84,1.44,2019/01/20
5.0,EOSEOS,EOS,2145396773.07,2.3673,906245118,971352022.39,0.1,4.76,4.1,2019/01/20
6.0,USDTTether,USDT,2050721693.05,1.0171,2016152117,4389435191.33,0.03,0.11,0.41,2019/01/20
7.0,XLMStellar,XLM,2002863078.46,0.1047,19129175285,123424389.82,0.6,3.23,0.13,2019/01/20
8.0,LTCLitecoin,LTC,1873953844.26,31.18,60108075,584024740.86,0.47,4.41,2.0,2019/01/20
9.0,TRXTRON,TRX,1591020869.79,0.02387,66653472407,130983395.35,0.75,2.73,8.39,2019/01/20
10.0,BSVBitcoin SV,BSV,1324247114.63,75.34,17576286,57177839.1,0.4,2.64,2.46,2019/01/20
11.0,ADACardano,ADA,1127226431.18,0.04348,25927070538,26755021.63,0.69,5.12,7.31,2019/01/20
12.0,MIOTAIOTA,MIOTA,839047167.45,0.3019,2779530283,7528260.86,0.4,5.06,2.65,2019/01/20
13.0,BNBBinance Coin,BNB,838848751.24,6.4939,129175490,49479089.8,0.62,2.31,14.76,2019/01/20
14.0,XMRMonero,XMR,738232142.7,44.11,16735001,33574394.38,0.41,4.58,1.94,2019/01/20
15.0,DASHDash,DASH,599612574.23,69.89,8579273,242808317.5,0.0,5.38,1.25,2019/01/20
16.0,XEMNEM,XEM,503473664.42,0.05594,8999999999,13786963.13,0.89,3.1,0.01,2019/01/20
17.0,NEONeo,NEO,493449297.11,7.5915,65000000,155380342.37,0.78,6.29,4.38,2019/01/20
18.0,ETCEthereum Classic,ETC,461528743.97,4.2865,107671273,146017539.99,0.63,2.97,0.51,2019/01/20
19.0,USDCUSD Coin,USDC,327478050.12,1.0167,322108798,14934092.26,0.06,0.52,0.45,2019/01/20
20.0,MKRMaker,MKR,325636994.58,447.16,728228,285724.94,1.32,5.31,5.26,2019/01/20
1.0,BTCBitcoin,BTC,62737274092.74,3583.97,17504987,5570752966.31,0.27,0.57,0.39,2019/01/27
2.0,XRPXRP,XRP,12737591538.84,0.3094,41163466448,362599965.07,0.47,1.76,3.57,2019/01/27
3.0,ETHEthereum,ETH,11861671822.01,113.41,104595400,2775888287.0,0.92,2.6,4.68,2019/01/27
4.0,BCHBitcoin Cash,BCH,2161816591.47,122.9,17589888,201627686.64,0.63,3.42,0.64,2019/01/27
5.0,EOSEOS,EOS,2153656961.61,2.3765,906245118,780419368.9,0.8,2.62,0.51,2019/01/27
6.0,USDTTether,USDT,2034836040.58,1.0087,2017251167,3932642453.36,0.1,0.14,0.85,2019/01/27
7.0,LTCLitecoin,LTC,1962484749.3,32.59,60212150,678149673.48,0.93,1.82,4.51,2019/01/27
8.0,TRXTRON,TRX,1951984410.96,0.02928,66660999286,395857212.87,0.58,2.11,22.41,2019/01/27
9.0,XLMStellar,XLM,1846070963.39,0.09632,19166823282,134988475.98,0.46,3.71,7.73,2019/01/27
10.0,BSVBitcoin SV,BSV,1263392930.85,71.83,17588911,56898464.09,0.45,3.0,4.6,2019/01/27
11.0,ADACardano,ADA,1067363755.41,0.04117,25927070538,20835106.77,0.28,3.53,5.1,2019/01/27
12.0,BNBBinance Coin,BNB,915621568.58,7.0882,129175490,52872346.68,0.25,1.45,8.91,2019/01/27
13.0,XMRMonero,XMR,780207473.11,46.58,16751487,37895259.97,0.06,1.55,5.41,2019/01/27
14.0,MIOTAIOTA,MIOTA,767212408.53,0.276,2779530283,10125439.06,0.65,3.69,9.28,2019/01/27
15.0,DASHDash,DASH,613474381.2,71.4,8592090,162049523.08,0.62,3.54,2.25,2019/01/27
16.0,NEONeo,NEO,482255538.34,7.4193,65000000,120602207.41,0.91,1.33,2.34,2019/01/27
17.0,XEMNEM,XEM,474438962.32,0.05272,8999999999,12643507.8,0.44,3.7,6.17,2019/01/27
18.0,ETCEthereum Classic,ETC,458658538.63,4.2531,107842201,128215640.5,0.87,1.52,1.23,2019/01/27
19.0,USDCUSD Coin,USDC,333585021.91,1.0139,328998264,17334193.18,0.19,0.03,0.29,2019/01/27
20.0,MKRMaker,MKR,315345642.25,433.03,728228,6000949.61,0.32,3.95,3.14,2019/01/27
1.0,BTCBitcoin,BTC,60681847607.58,3464.01,17517787,5043937583.95,0.19,1.15,3.04,2019/02/03
2.0,XRPXRP,XRP,12445862136.99,0.3024,41163466448,438357004.01,0.01,2.08,1.76,2019/02/03
3.0,ETHEthereum,ETH,11254870706.43,107.49,104703610,2519334756.88,0.06,1.83,4.83,2019/02/03
4.0,EOSEOS,EOS,2152844813.25,2.3756,906245118,567625069.06,0.34,0.79,0.06,2019/02/03
5.0,BCHBitcoin Cash,BCH,2091663603.1,118.83,17602425,218977856.15,0.33,1.61,2.39,2019/02/03
6.0,USDTTether,USDT,2020950151.37,1.0,2020855917,3756996123.63,0.18,0.33,0.98,2019/02/03
7.0,LTCLitecoin,LTC,2016740847.84,33.44,60310581,820461890.93,0.29,1.55,2.84,2019/02/03
8.0,TRXTRON,TRX,1696159965.92,0.02544,66668553480,174803441.01,0.31,1.76,11.17,2019/02/03
9.0,XLMStellar,XLM,1559217083.49,0.08135,19167472159,106729577.68,0.25,1.68,14.41,2019/02/03
10.0,BSVBitcoin SV,BSV,1121559772.35,63.72,17601461,58052365.05,0.14,2.46,9.82,2019/02/03
11.0,ADACardano,ADA,985988168.05,0.03803,25927070538,12940762.06,0.2,2.38,6.69,2019/02/03
12.0,BNBBinance Coin,BNB,870405723.23,6.7382,129175490,59942157.91,0.94,1.45,4.05,2019/02/03
13.0,XMRMonero,XMR,719406512.16,42.9,16767882,45359366.11,0.26,0.37,6.83,2019/02/03
14.0,MIOTAIOTA,MIOTA,693384830.13,0.2495,2779530283,5980121.21,0.16,2.58,7.92,2019/02/03
15.0,DASHDash,DASH,576039391.35,66.9,8611031,161289431.32,0.11,1.07,5.84,2019/02/03
16.0,NEONeo,NEO,456476196.3,7.0227,65000000,113281404.73,0.17,2.33,5.12,2019/02/03
17.0,ETCEthereum Classic,ETC,423399621.39,3.9199,108012792,156280488.02,0.03,1.39,6.91,2019/02/03
18.0,XEMNEM,XEM,353382891.86,0.03926,8999999999,13814929.66,0.18,3.89,24.96,2019/02/03
19.0,USDCUSD Coin,USDC,302531642.04,1.0142,298283047,26365349.13,0.06,0.11,0.13,2019/02/03
20.0,WAVESWaves,WAVES,281634095.5,2.8163,100000000,23050834.05,0.54,3.62,3.79,2019/02/03
1.0,BTCBitcoin,BTC,64694025950.73,3690.19,17531362,6282256902.92,0.41,0.54,6.51,2019/02/10
2.0,ETHEthereum,ETH,13080881910.23,124.81,104809313,3148766590.14,2.56,4.59,16.12,2019/02/10
3.0,XRPXRP,XRP,12758715489.78,0.3099,41169202069,495640830.96,0.92,0.17,2.7,2019/02/10
4.0,LTCLitecoin,LTC,2828937241.05,46.83,60412000,1420578822.97,0.52,5.15,39.36,2019/02/10
5.0,EOSEOS,EOS,2572785405.05,2.839,906245118,936574263.38,2.61,2.65,19.32,2019/02/10
6.0,BCHBitcoin Cash,BCH,2247451284.57,127.59,17615088,285347997.97,0.9,0.5,7.4,2019/02/10
7.0,USDTTether,USDT,2029926998.8,1.0042,2021402717,4965113767.7,0.09,0.27,0.24,2019/02/10
8.0,TRXTRON,TRX,1721025028.59,0.02581,66671422606,217842435.92,0.41,1.84,1.44,2019/02/10
9.0,XLMStellar,XLM,1541020269.46,0.08039,19168571323,133339148.83,0.33,0.33,1.62,2019/02/10
10.0,BNBBinance Coin,BNB,1300443647.11,9.2115,141175490,125419865.46,0.21,3.93,36.77,2019/02/10
11.0,BSVBitcoin SV,BSV,1173301756.9,66.61,17613923,80275616.51,2.46,0.76,4.44,2019/02/10
12.0,ADACardano,ADA,1110446759.76,0.04283,25927070538,22634046.98,2.0,4.22,12.61,2019/02/10
13.0,XMRMonero,XMR,836265588.9,49.83,16783157,52351662.03,1.16,2.49,16.13,2019/02/10
14.0,MIOTAIOTA,MIOTA,777847783.58,0.2798,2779530283,13408132.88,1.22,0.82,12.12,2019/02/10
15.0,DASHDash,DASH,651066069.1,75.5,8623852,177539073.12,1.73,1.63,13.08,2019/02/10
16.0,NEONeo,NEO,517438260.5,7.9606,65000000,159699884.66,1.15,4.08,13.29,2019/02/10
17.0,MKRMaker,MKR,461136026.56,461.14,1000000,460412.41,0.38,2.78,22.98,2019/02/10
18.0,ETCEthereum Classic,ETC,451510859.62,4.1735,108184077,185806940.4,1.9,2.32,6.59,2019/02/10
19.0,XEMNEM,XEM,360979001.67,0.04011,8999999999,11827729.35,0.86,0.28,2.06,2019/02/10
20.0,ZECZcash,ZEC,298581547.06,50.89,5866881,177859790.59,1.82,1.23,5.15,2019/02/10
1.0,BTCBitcoin,BTC,64453368778.96,3673.84,17543887,7039512502.62,0.53,1.09,0.33,2019/02/17
2.0,ETHEthereum,ETH,14014695489.54,133.6,104901292,4236081129.54,0.2,8.23,10.81,2019/02/17
3.0,XRPXRP,XRP,12501307769.46,0.3034,41208093050,427237164.5,0.27,0.59,0.77,2019/02/17
4.0,LTCLitecoin,LTC,2658324155.44,43.93,60514975,1089205821.53,0.26,0.71,3.74,2019/02/17
5.0,EOSEOS,EOS,2611983793.64,2.8822,906245118,893315802.6,0.9,2.25,4.42,2019/02/17
6.0,BCHBitcoin Cash,BCH,2197907884.57,124.69,17627538,230868433.27,0.43,2.04,0.42,2019/02/17
7.0,USDTTether,USDT,2023392364.04,1.001,2021459017,5746888553.12,0.1,0.19,0.5,2019/02/17
8.0,TRXTRON,TRX,1588228526.74,0.02382,66682072191,129569495.2,0.32,0.59,7.58,2019/02/17
9.0,XLMStellar,XLM,1526481083.21,0.07961,19174868760,123466543.3,0.18,1.76,0.12,2019/02/17
10.0,BNBBinance Coin,BNB,1301079823.0,9.216,141175490,66977126.02,0.54,1.22,0.57,2019/02/17
11.0,BSVBitcoin SV,BSV,1108140608.42,62.87,17626573,83425628.36,0.49,1.01,3.54,2019/02/17
12.0,ADACardano,ADA,1074721071.39,0.04145,25927070538,15275650.05,0.27,1.07,0.83,2019/02/17
13.0,XMRMonero,XMR,807554570.83,48.07,16799990,50287821.8,0.49,2.43,0.65,2019/02/17
14.0,MIOTAIOTA,MIOTA,772095479.01,0.2778,2779530283,9509007.15,0.1,1.06,1.1,2019/02/17
15.0,DASHDash,DASH,688790081.41,79.75,8636689,206403616.06,0.19,0.07,6.83,2019/02/17
16.0,NEONeo,NEO,545230967.38,8.3882,65000000,258499649.45,0.67,4.96,7.28,2019/02/17
17.0,MKRMaker,MKR,536371150.99,536.37,1000000,1092197.21,0.04,5.12,16.73,2019/02/17
18.0,ETCEthereum Classic,ETC,452513075.04,4.1762,108354816,203869851.66,0.58,2.21,2.46,2019/02/17
19.0,XEMNEM,XEM,376859105.58,0.04187,8999999999,13677291.97,0.39,0.57,5.68,2019/02/17
20.0,ZECZcash,ZEC,307575942.4,51.98,5917006,177905992.64,0.71,0.87,4.09,2019/02/17
1.0,BTCBitcoin,BTC,66897483404.15,3810.43,17556425,10794227451.22,0.34,8.24,3.64,2019/02/24
2.0,ETHEthereum,ETH,14263873720.91,135.85,104995179,5957715043.41,2.84,14.67,2.08,2019/02/24
3.0,XRPXRP,XRP,12469397084.6,0.3014,41365634610,1117884486.44,0.68,10.12,0.91,2019/02/24
4.0,EOSEOS,EOS,3254300690.47,3.591,906245118,2406373954.21,1.28,16.02,25.01,2019/02/24
5.0,LTCLitecoin,LTC,2708358746.26,44.68,60618711,1618048130.73,1.07,13.76,1.75,2019/02/24
6.0,BCHBitcoin Cash,BCH,2297963404.87,130.27,17640325,556592898.91,1.83,14.64,3.92,2019/02/24
7.0,USDTTether,USDT,2045808839.82,1.012,2021459017,11405442805.93,0.12,0.32,1.03,2019/02/24
8.0,XLMStellar,XLM,1615486767.52,0.08423,19178623630,167217215.75,0.76,11.03,5.83,2019/02/24
9.0,TRXTRON,TRX,1587629390.49,0.02381,66682072191,352101653.76,0.27,6.83,0.13,2019/02/24
10.0,BNBBinance Coin,BNB,1427720907.03,10.11,141175490,113588898.59,0.06,6.55,9.65,2019/02/24
11.0,ADACardano,ADA,1100757851.68,0.04246,25927070538,51650807.05,0.95,13.17,2.18,2019/02/24
12.0,BSVBitcoin SV,BSV,1079526122.23,61.2,17638911,132163469.04,0.39,10.43,2.94,2019/02/24
13.0,XMRMonero,XMR,824146428.25,49.01,16815722,63487790.38,0.86,9.23,2.12,2019/02/24
14.0,MIOTAIOTA,MIOTA,791001091.1,0.2846,2779530283,16563425.63,0.91,11.93,2.61,2019/02/24
15.0,DASHDash,DASH,705066678.8,81.52,8649506,279762301.07,0.7,9.73,2.2,2019/02/24
16.0,MKRMaker,MKR,661217940.83,661.22,1000000,2142917.67,1.44,10.51,22.59,2019/02/24
17.0,NEONeo,NEO,590106575.93,9.0786,65000000,546178687.21,2.02,10.1,8.93,2019/02/24
18.0,ETCEthereum Classic,ETC,455271069.31,4.195,108525844,301941105.34,1.47,13.62,0.74,2019/02/24
19.0,XEMNEM,XEM,386361143.13,0.04293,8999999999,21460845.82,0.32,11.1,3.04,2019/02/24
20.0,ONTOntology,ONT,324547850.79,1.0008,324286568,335437476.28,0.14,3.49,55.52,2019/02/24
1.0,BTCBitcoin,BTC,67592376373.2,3847.18,17569350,7253558152.32,0.03,0.47,0.34,2019/03/03
2.0,ETHEthereum,ETH,13900679027.02,132.25,105109567,3454374052.6,0.32,1.83,5.44,2019/03/03
3.0,XRPXRP,XRP,12949767220.58,0.3126,41432141931,548503372.46,0.08,0.98,2.89,2019/03/03
4.0,EOSEOS,EOS,3220736331.65,3.5539,906245118,1053719010.68,0.09,0.77,2.34,2019/03/03
5.0,LTCLitecoin,LTC,2937680217.52,48.38,60720561,1102677211.35,0.34,1.41,7.23,2019/03/03
6.0,BCHBitcoin Cash,BCH,2322338738.88,131.56,17652813,202483597.45,0.01,0.68,0.88,2019/03/03
7.0,USDTTether,USDT,2043328704.97,1.0102,2022657817,6148316202.3,0.09,0.05,0.04,2019/03/03
8.0,XLMStellar,XLM,1675990127.3,0.08724,19212285695,121355278.63,0.51,3.59,2.42,2019/03/03
9.0,BNBBinance Coin,BNB,1628869046.88,11.54,141175490,89868245.85,0.26,2.72,13.58,2019/03/03
10.0,TRXTRON,TRX,1515198953.4,0.02272,66682072191,114553316.06,0.26,0.94,5.74,2019/03/03
11.0,BSVBitcoin SV,BSV,1154648587.69,65.41,17651586,77359162.78,0.08,2.36,5.64,2019/03/03
12.0,ADACardano,ADA,1097017920.37,0.04231,25927070538,11011516.85,0.22,1.28,2.09,2019/03/03
13.0,XMRMonero,XMR,843385247.82,50.11,16831437,67035490.84,0.09,0.35,1.06,2019/03/03
14.0,MIOTAIOTA,MIOTA,796100170.13,0.2864,2779530283,4991108.16,0.38,2.79,0.38,2019/03/03
15.0,DASHDash,DASH,710428399.76,81.95,8668531,234980698.19,0.27,2.0,0.08,2019/03/03
16.0,MKRMaker,MKR,661231891.52,661.23,1000000,1055971.11,0.11,3.03,2.1,2019/03/03
17.0,NEONeo,NEO,566062626.56,8.7087,65000000,226822878.44,0.49,1.42,6.17,2019/03/03
18.0,ETCEthereum Classic,ETC,465693845.54,4.2843,108697269,182638030.1,0.17,0.15,0.99,2019/03/03
19.0,XEMNEM,XEM,390123986.17,0.04335,8999999999,13745863.0,0.15,0.91,0.6,2019/03/03
20.0,ZECZcash,ZEC,307232239.74,51.06,6017444,172669308.32,0.25,1.65,2.8,2019/03/03
1.0,BTCBitcoin,BTC,69475297369.72,3951.6,17581562,9713267606.58,0.05,0.15,2.8,2019/03/10
2.0,ETHEthereum,ETH,14384860875.67,136.76,105184260,4578438499.35,0.4,0.82,3.66,2019/03/10
3.0,XRPXRP,XRP,12972692491.35,0.3131,41432141931,620043948.95,0.11,0.2,0.51,2019/03/10
4.0,LTCLitecoin,LTC,3478033205.33,57.18,60824061,1778709344.41,0.51,1.04,18.67,2019/03/10
5.0,EOSEOS,EOS,3385724370.1,3.736,906245118,1375200234.72,0.6,0.67,6.04,2019/03/10
6.0,BCHBitcoin Cash,BCH,2346643091.69,132.84,17665475,274459920.59,0.3,0.39,1.52,2019/03/10
7.0,BNBBinance Coin,BNB,2046259504.26,14.49,141175490,140866074.14,0.31,0.23,26.33,2019/03/10
8.0,USDTTether,USDT,2011853490.02,1.0088,1994259166,7993146407.77,0.1,0.16,0.16,2019/03/10
9.0,XLMStellar,XLM,1922235861.63,0.1,19214943881,206273828.79,0.67,11.36,15.84,2019/03/10
10.0,TRXTRON,TRX,1538405288.61,0.02307,66682072191,148100618.52,0.04,0.64,1.96,2019/03/10
11.0,ADACardano,ADA,1184820250.0,0.0457,25927070538,27465021.86,0.27,1.44,8.55,2019/03/10
12.0,BSVBitcoin SV,BSV,1180167565.53,66.81,17664048,73421602.61,0.09,0.36,2.68,2019/03/10
13.0,XMRMonero,XMR,858202872.1,50.95,16844613,65452520.51,0.12,0.33,2.03,2019/03/10
14.0,MIOTAIOTA,MIOTA,784319090.8,0.2822,2779530283,6479838.26,0.18,0.59,1.2,2019/03/10
15.0,DASHDash,DASH,726887779.0,83.73,8681342,242454512.32,0.23,0.29,2.07,2019/03/10
16.0,MKRMaker,MKR,647820053.87,647.82,1000000,898738.65,0.08,0.14,2.11,2019/03/10
17.0,NEONeo,NEO,576572175.59,8.8703,65000000,290220063.95,0.16,1.71,2.18,2019/03/10
18.0,ETCEthereum Classic,ETC,474741807.43,4.3607,108868149,224014423.07,0.41,1.15,2.05,2019/03/10
19.0,XEMNEM,XEM,405534516.6,0.04506,8999999999,18719288.48,0.06,2.21,5.0,2019/03/10
20.0,ONTOntology,ONT,313592609.73,0.967,324286568,35019367.11,0.29,2.05,11.25,2019/03/10
1.0,BTCBitcoin,BTC,70821939585.38,4025.23,17594512,8221625399.66,0.16,0.45,1.9,2019/03/17
2.0,ETHEthereum,ETH,14739201597.37,140.0,105279598,3827157729.14,0.24,1.2,2.35,2019/03/17
3.0,XRPXRP,XRP,13159356178.0,0.3176,41432141931,530234054.25,0.02,0.77,1.26,2019/03/17
4.0,LTCLitecoin,LTC,3731425000.77,61.24,60927411,1609232029.4,0.23,0.64,7.01,2019/03/17
5.0,EOSEOS,EOS,3421714410.25,3.7757,906245118,1179827902.7,0.25,1.21,1.14,2019/03/17
6.0,BCHBitcoin Cash,BCH,2759201462.94,156.08,17678238,437535869.16,0.36,0.08,17.48,2019/03/17
7.0,BNBBinance Coin,BNB,2225087468.76,15.76,141175490,131687083.15,0.4,1.74,8.59,2019/03/17
8.0,XLMStellar,XLM,2102469253.52,0.1094,19220739613,149591732.37,0.14,0.14,9.16,2019/03/17
9.0,USDTTether,USDT,2020136778.62,1.0092,2001684593,7070867589.02,0.13,0.24,0.07,2019/03/17
10.0,TRXTRON,TRX,1543003579.17,0.02314,66682072191,155662771.53,0.24,0.85,0.98,2019/03/17
11.0,ADACardano,ADA,1301710901.53,0.05021,25927070538,28870444.68,0.32,2.13,9.85,2019/03/17
12.0,BSVBitcoin SV,BSV,1209844855.07,68.47,17670348,88594645.63,0.15,0.67,2.55,2019/03/17
13.0,XMRMonero,XMR,902585866.92,53.54,16859544,117829193.99,0.43,1.71,5.54,2019/03/17
14.0,MIOTAIOTA,MIOTA,828748903.27,0.2982,2779530283,18281346.97,0.24,2.43,5.38,2019/03/17
15.0,DASHDash,DASH,813463649.54,93.56,8694187,228317130.7,0.16,0.68,11.89,2019/03/17
16.0,MKRMaker,MKR,696154121.91,696.15,1000000,1140518.64,0.11,0.11,7.14,2019/03/17
17.0,NEONeo,NEO,603828091.56,9.2897,65000000,284618106.38,0.27,1.98,4.77,2019/03/17
18.0,ONTOntology,ONT,558794091.94,1.1293,494823234,59744996.23,0.24,4.74,17.71,2019/03/17
19.0,ETCEthereum Classic,ETC,486792521.64,4.4644,109039606,183446353.79,0.24,1.16,2.79,2019/03/17
20.0,XEMNEM,XEM,455426312.38,0.0506,8999999999,16824395.43,0.35,1.41,12.32,2019/03/17
1.0,BTCBitcoin,BTC,70823042992.43,4022.17,17608175,9144851065.0,0.15,0.27,0.52,2019/03/24
2.0,ETHEthereum,ETH,14434995336.84,136.99,105374986,4266845458.42,0.08,0.8,2.85,2019/03/24
3.0,XRPXRP,XRP,12874448651.72,0.309,41666017553,649754894.32,0.01,0.96,2.98,2019/03/24
4.0,LTCLitecoin,LTC,3675521098.03,60.22,61030961,2041814465.15,0.44,1.54,2.5,2019/03/24
5.0,EOSEOS,EOS,3313261400.54,3.656,906245118,1459311466.43,0.01,0.81,3.58,2019/03/24
6.0,BCHBitcoin Cash,BCH,2935530185.43,165.94,17690713,400180522.03,0.15,0.32,3.51,2019/03/24
7.0,BNBBinance Coin,BNB,2440268717.14,17.29,141175490,314554202.53,0.1,13.81,9.01,2019/03/24
8.0,XLMStellar,XLM,2038105869.82,0.106,19225308819,207117071.63,0.05,2.1,3.56,2019/03/24
9.0,USDTTether,USDT,2032100364.21,1.0056,2020708392,7789146126.55,0.09,0.23,0.5,2019/03/24
10.0,ADACardano,ADA,1599795321.34,0.0617,25927070538,102441666.32,1.22,2.72,21.58,2019/03/24
11.0,TRXTRON,TRX,1558089825.14,0.02337,66682072191,270254346.28,0.22,3.87,0.34,2019/03/24
12.0,BSVBitcoin SV,BSV,1164798628.45,65.92,17670348,78083330.47,0.02,1.77,3.98,2019/03/24
13.0,XMRMonero,XMR,906925110.08,53.74,16874695,83963836.92,0.05,0.17,0.12,2019/03/24
14.0,MIOTAIOTA,MIOTA,859499944.44,0.3092,2779530283,10429370.05,0.25,0.9,3.12,2019/03/24
15.0,DASHDash,DASH,806372694.81,92.61,8707034,263565364.03,0.17,0.16,1.63,2019/03/24
16.0,MKRMaker,MKR,732994098.76,732.99,1000000,1620004.22,1.01,0.56,4.67,2019/03/24
17.0,ONTOntology,ONT,619262884.2,1.2515,494823234,74787319.61,1.04,0.99,11.24,2019/03/24
18.0,NEONeo,NEO,597121064.08,9.1865,65000000,277997570.7,0.28,2.19,1.76,2019/03/24
19.0,ETCEthereum Classic,ETC,528049572.06,4.8351,109211495,183730901.32,0.51,1.13,7.77,2019/03/24
20.0,XEMNEM,XEM,459187259.31,0.05102,8999999999,13603664.76,0.3,0.13,0.41,2019/03/24
1.0,BTCBitcoin,BTC,72339379035.95,4105.4,17620525,9045122442.87,0.03,0.01,2.09,2019/03/31
2.0,ETHEthereum,ETH,14925533136.91,141.51,105470294,4249050197.37,0.05,0.3,3.35,2019/03/31
3.0,XRPXRP,XRP,12896872921.66,0.3092,41706564590,652757652.26,0.01,0.55,0.04,2019/03/31
4.0,EOSEOS,EOS,3786438262.77,4.1782,906245118,1688714790.59,0.05,1.11,14.18,2019/03/31
5.0,LTCLitecoin,LTC,3714371560.23,60.76,61136486,1646531871.86,0.07,0.2,0.96,2019/03/31
6.0,BCHBitcoin Cash,BCH,2990730945.18,168.94,17703175,454369901.47,0.26,0.31,2.0,2019/03/31
7.0,BNBBinance Coin,BNB,2456689309.02,17.4,141175490,199990282.71,0.01,3.27,1.63,2019/03/31
8.0,XLMStellar,XLM,2072087795.27,0.1077,19248142942,268624667.09,0.41,0.27,1.63,2019/03/31
9.0,USDTTether,USDT,2029986704.61,1.0006,2028852790,8108743210.99,0.02,0.04,0.66,2019/03/31
10.0,ADACardano,ADA,1808312386.75,0.06975,25927070538,67772020.27,0.22,2.46,14.96,2019/03/31
11.0,TRXTRON,TRX,1568590126.55,0.02352,66682072191,190106148.22,0.17,1.04,0.96,2019/03/31
12.0,BSVBitcoin SV,BSV,1148254868.52,64.98,17670348,65214626.28,0.07,0.07,1.44,2019/03/31
13.0,XMRMonero,XMR,943881892.47,55.89,16889616,99371365.85,0.37,4.57,3.9,2019/03/31
14.0,DASHDash,DASH,943250362.52,108.17,8719865,307273197.26,0.23,8.27,16.53,2019/03/31
15.0,MIOTAIOTA,MIOTA,854747405.5,0.3075,2779530283,10899122.34,0.08,0.09,0.1,2019/03/31
16.0,MKRMaker,MKR,706967701.41,706.97,1000000,1093644.85,0.08,0.63,3.25,2019/03/31
17.0,XTZTezos,XTZ,704639139.18,1.0599,664843673,8951420.66,1.05,11.86,57.78,2019/03/31
18.0,NEONeo,NEO,647384058.32,9.9598,65000000,302469057.46,0.34,1.54,8.57,2019/03/31
19.0,ONTOntology,ONT,644458753.32,1.3024,494823234,48922361.92,0.6,0.84,4.6,2019/03/31
20.0,ETCEthereum Classic,ETC,527656433.76,4.824,109382135,149120802.55,0.06,0.67,0.13,2019/03/31
1.0,BTCBitcoin,BTC,91674230185.93,5198.9,17633400,16655416140.27,0.15,2.79,26.4,2019/04/07
2.0,ETHEthereum,ETH,18424576820.42,174.53,105565822,7596176019.73,0.41,5.29,23.19,2019/04/07
3.0,XRPXRP,XRP,15021731304.72,0.3599,41743765071,1398086395.49,0.59,1.76,16.2,2019/04/07
4.0,BCHBitcoin Cash,BCH,5662007844.39,319.6,17716113,2183906035.46,0.81,4.9,89.66,2019/04/07
5.0,LTCLitecoin,LTC,5653406711.33,92.31,61242136,3314848880.21,0.78,0.11,52.0,2019/04/07
6.0,EOSEOS,EOS,4943668665.75,5.4551,906245118,2614787949.59,0.39,2.15,30.63,2019/04/07
7.0,BNBBinance Coin,BNB,2697901876.07,19.11,141175490,149525473.22,0.04,0.2,10.07,2019/04/07
8.0,XLMStellar,XLM,2510903306.46,0.1303,19269668926,349981245.9,0.08,4.56,20.8,2019/04/07
9.0,ADACardano,ADA,2345996894.44,0.09048,25927070538,100804121.36,0.2,0.44,28.82,2019/04/07
10.0,USDTTether,USDT,2090015279.43,1.0046,2080443204,16782653244.06,0.24,0.16,0.44,2019/04/07
11.0,TRXTRON,TRX,1926752662.37,0.02889,66682072191,552496052.55,0.4,7.87,22.87,2019/04/07
12.0,BSVBitcoin SV,BSV,1526953180.18,86.41,17670348,176075346.62,0.41,2.65,33.09,2019/04/07
13.0,DASHDash,DASH,1182064053.63,135.26,8738892,390843774.54,0.36,3.25,24.02,2019/04/07
14.0,XMRMonero,XMR,1180056140.44,69.81,16904552,92938041.3,0.13,2.66,24.2,2019/04/07
15.0,MIOTAIOTA,MIOTA,1007543918.2,0.3625,2779530283,21625356.67,0.38,4.74,17.6,2019/04/07
16.0,ETCEthereum Classic,ETC,840251877.09,7.6697,109554453,1367951558.0,0.37,25.5,59.27,2019/04/07
17.0,NEONeo,NEO,838234869.09,12.9,65000000,264198389.62,0.85,1.26,30.16,2019/04/07
18.0,MKRMaker,MKR,775042006.16,775.04,1000000,811576.69,0.31,0.56,9.61,2019/04/07
19.0,ONTOntology,ONT,760764525.91,1.5374,494823234,100341456.63,0.28,2.11,17.72,2019/04/07
20.0,XEMNEM,XEM,647987653.64,0.072,8999999999,15739736.95,0.08,3.54,30.23,2019/04/07
1.0,BTCBitcoin,BTC,91188595340.79,5167.72,17645800,10391952498.03,0.18,1.41,1.05,2019/04/14
2.0,ETHEthereum,ETH,17734050268.55,167.84,105661383,4846298303.14,0.26,2.06,5.03,2019/04/14
3.0,XRPXRP,XRP,13741639598.82,0.3288,41792108527,746765729.32,0.01,0.73,8.89,2019/04/14
4.0,BCHBitcoin Cash,BCH,5117349386.62,288.65,17728738,990830743.99,0.04,3.3,9.72,2019/04/14
5.0,LTCLitecoin,LTC,5087597682.6,82.94,61342534,2328308745.02,0.94,6.09,10.46,2019/04/14
6.0,EOSEOS,EOS,5025377119.83,5.5453,906245118,1965356808.93,0.69,3.76,0.92,2019/04/14
7.0,BNBBinance Coin,BNB,2751795496.84,19.49,141175490,189084742.15,0.28,4.5,2.86,2019/04/14
8.0,USDTTether,USDT,2431637598.13,1.0054,2418629656,9870255987.33,0.01,0.07,0.01,2019/04/14
9.0,XLMStellar,XLM,2251945511.76,0.1167,19302933338,233364143.07,0.9,0.86,11.18,2019/04/14
10.0,ADACardano,ADA,2194550263.94,0.08464,25927070538,82514758.38,0.51,1.28,6.0,2019/04/14
11.0,TRXTRON,TRX,1804535699.28,0.02706,66682072191,318773006.99,0.02,2.81,5.86,2019/04/14
12.0,BSVBitcoin SV,BSV,1259417047.63,71.05,17726686,83823671.94,0.33,1.42,17.57,2019/04/14
13.0,XMRMonero,XMR,1126513833.46,66.58,16919320,122650716.27,0.85,2.14,5.15,2019/04/14
14.0,DASHDash,DASH,1078878135.83,123.29,8751064,242571614.83,0.25,2.83,8.9,2019/04/14
15.0,MIOTAIOTA,MIOTA,880875914.12,0.3169,2779530283,24796128.19,0.7,1.32,12.38,2019/04/14
16.0,XTZTezos,XTZ,756808224.5,1.1417,662874928,7879352.67,0.09,16.47,16.93,2019/04/14
17.0,NEONeo,NEO,734427000.65,11.3,65000000,213128800.13,0.24,1.81,13.25,2019/04/14
18.0,ETCEthereum Classic,ETC,706832126.36,6.4418,109725305,371013644.35,0.42,1.68,15.33,2019/04/14
19.0,ONTOntology,ONT,675566131.5,1.3652,494854358,55626147.18,0.56,3.21,11.38,2019/04/14
20.0,MKRMaker,MKR,636672708.17,636.67,1000000,1793830.29,0.7,0.22,16.8,2019/04/14
1.0,BTCBitcoin,BTC,93847052256.19,5314.53,17658575,13731844222.82,0.16,0.37,3.02,2019/04/21
2.0,ETHEthereum,ETH,17983602095.41,170.05,105756953,6005571687.88,0.04,2.0,1.78,2019/04/21
3.0,XRPXRP,XRP,13533407429.74,0.3224,41970748057,1005803846.07,0.14,1.87,1.78,2019/04/21
4.0,BCHBitcoin Cash,BCH,5153508007.37,290.48,17741338,1279142852.24,0.15,3.62,0.4,2019/04/21
5.0,EOSEOS,EOS,4753646754.28,5.2454,906245118,2308380251.95,0.24,3.91,4.16,2019/04/21
6.0,LTCLitecoin,LTC,4751522316.95,77.33,61443509,2957685725.63,0.28,5.1,5.26,2019/04/21
7.0,BNBBinance Coin,BNB,3415575669.07,24.19,141175490,281288778.3,0.16,2.5,23.23,2019/04/21
8.0,USDTTether,USDT,2601017107.19,1.0067,2583816411,12526292373.74,0.01,0.08,0.07,2019/04/21
9.0,XLMStellar,XLM,2176554055.31,0.1124,19363613344,244064678.41,0.1,2.41,4.37,2019/04/21
10.0,ADACardano,ADA,1921361011.54,0.07411,25927070538,89301951.62,0.16,3.31,11.97,2019/04/21
11.0,TRXTRON,TRX,1666075718.6,0.02499,66682072191,369120035.34,0.23,4.73,7.04,2019/04/21
12.0,XMRMonero,XMR,1163658345.33,68.72,16933697,101931768.58,0.13,1.17,3.4,2019/04/21
13.0,DASHDash,DASH,1065247639.65,121.56,8762978,267992470.31,0.02,1.48,1.17,2019/04/21
14.0,BSVBitcoin SV,BSV,1004489952.59,56.63,17739161,123194176.58,0.05,3.52,20.52,2019/04/21
15.0,XTZTezos,XTZ,874542583.13,1.3243,660379772,4552768.63,0.72,1.95,16.92,2019/04/21
16.0,MIOTAIOTA,MIOTA,851156832.34,0.3062,2779530283,14580957.56,0.01,2.19,3.03,2019/04/21
17.0,NEONeo,NEO,685603542.87,10.55,65000000,248582229.59,0.19,3.62,6.27,2019/04/21
18.0,ETCEthereum Classic,ETC,651376688.56,5.9272,109896429,425303026.33,0.19,4.81,7.55,2019/04/21
19.0,ONTOntology,ONT,607480116.73,1.2276,494854358,76359464.46,0.51,6.67,9.38,2019/04/21
20.0,MKRMaker,MKR,603395378.96,603.4,1000000,1445782.56,0.15,2.53,4.68,2019/04/21
1.0,BTCBitcoin,BTC,93391244394.89,5285.14,17670537,12819992055.63,0.07,0.07,0.1,2019/04/28
2.0,ETHEthereum,ETH,16650076836.93,157.3,105852500,5379894433.33,0.11,0.98,7.12,2019/04/28
3.0,XRPXRP,XRP,12493351058.33,0.2974,42004966728,721572911.19,0.08,0.06,7.54,2019/04/28
4.0,BCHBitcoin Cash,BCH,4535543219.69,255.47,17753713,1007833364.1,0.08,3.54,11.42,2019/04/28
5.0,EOSEOS,EOS,4453565070.07,4.7198,943594295,1449287795.96,0.02,0.12,9.12,2019/04/28
6.0,LTCLitecoin,LTC,4291106337.09,69.73,61541708,2362638269.88,0.24,3.53,8.66,2019/04/28
7.0,BNBBinance Coin,BNB,3232825507.84,22.9,141175490,222693167.44,0.18,1.99,4.2,2019/04/28
8.0,USDTTether,USDT,2829388043.53,0.9939,2846831191,10548623451.89,0.01,0.12,1.3,2019/04/28
9.0,XLMStellar,XLM,1883413031.04,0.09874,19075198278,184650540.39,0.38,1.6,11.57,2019/04/28
10.0,ADACardano,ADA,1778363781.64,0.06859,25927070538,42979831.2,0.15,2.6,6.35,2019/04/28
11.0,TRXTRON,TRX,1573168401.78,0.02359,66682072191,585265493.12,0.03,0.52,5.04,2019/04/28
12.0,XMRMonero,XMR,1037458845.78,61.23,16943649,82495646.75,0.13,2.32,10.42,2019/04/28
13.0,DASHDash,DASH,967305377.58,110.24,8774913,239641263.38,0.08,0.13,8.61,2019/04/28
14.0,BSVBitcoin SV,BSV,963545504.27,54.28,17751398,97437820.63,0.07,0.76,3.87,2019/04/28
15.0,XTZTezos,XTZ,776895426.26,1.1748,661272904,5210110.33,0.48,3.86,11.29,2019/04/28
16.0,MIOTAIOTA,MIOTA,761900479.35,0.2741,2779530283,15417641.31,2.45,0.58,10.21,2019/04/28
17.0,ETCEthereum Classic,ETC,614384216.03,5.5819,110067253,369284398.99,0.41,1.23,4.83,2019/04/28
18.0,NEONeo,NEO,604582831.92,9.3013,65000000,237357918.48,0.27,2.46,11.34,2019/04/28
19.0,ONTOntology,ONT,551132700.89,1.1137,494854358,67236770.27,0.26,3.11,8.3,2019/04/28
20.0,MKRMaker,MKR,548018545.81,548.02,1000000,1954317.11,0.03,4.76,9.09,2019/04/28
1.0,BTCBitcoin,BTC,102494420158.46,5795.71,17684537,14808830722.93,0.1,0.45,9.6,2019/05/05
2.0,ETHEthereum,ETH,17317292590.97,163.45,105948111,5938415561.86,0.18,0.39,3.72,2019/05/05
3.0,XRPXRP,XRP,12724692457.41,0.3023,42087046846,805245811.92,0.31,0.65,1.61,2019/05/05
4.0,BCHBitcoin Cash,BCH,5222388151.39,293.95,17766400,1995769808.28,0.21,1.02,15.56,2019/05/05
5.0,LTCLitecoin,LTC,4683927727.29,75.98,61643308,2650746460.76,0.34,2.47,9.05,2019/05/05
6.0,EOSEOS,EOS,4624937769.96,4.8963,944573944,1735122032.88,0.06,1.13,3.78,2019/05/05
7.0,BNBBinance Coin,BNB,3249853031.21,23.02,141175490,171107465.91,0.4,0.65,1.07,2019/05/05
8.0,USDTTether,USDT,2786657649.43,1.0023,2780329382,12450308258.58,0.04,0.09,0.72,2019/05/05
9.0,XLMStellar,XLM,1892994496.69,0.09893,19135211381,205158492.99,0.83,0.72,0.19,2019/05/05
10.0,ADACardano,ADA,1714978393.8,0.06615,25927070538,49098472.72,0.12,1.09,3.36,2019/05/05
11.0,TRXTRON,TRX,1561790308.15,0.02342,66682072191,661532212.13,0.18,0.16,0.62,2019/05/05
12.0,XMRMonero,XMR,1120902040.97,66.08,16962766,39931450.89,0.01,2.29,7.71,2019/05/05
13.0,DASHDash,DASH,1048975845.36,119.31,8791925,255827278.4,0.04,1.05,8.32,2019/05/05
14.0,BSVBitcoin SV,BSV,953140152.94,53.66,17764123,89974872.71,0.34,0.27,1.04,2019/05/05
15.0,ATOMCosmos,ATOM,925545510.95,4.8537,190688439,68292314.74,1.15,6.81,7.43,2019/05/05
16.0,MIOTAIOTA,MIOTA,845740596.64,0.3043,2779530283,14775931.04,0.07,2.44,6.58,2019/05/05
17.0,XTZTezos,XTZ,770409638.69,1.1625,662705438,3979243.9,0.03,3.4,1.49,2019/05/05
18.0,ETCEthereum Classic,ETC,632528285.1,5.7378,110238678,424731401.1,0.06,1.82,2.52,2019/05/05
19.0,NEONeo,NEO,603147150.8,9.2792,65000000,301636301.84,0.06,2.18,0.69,2019/05/05
20.0,ONTOntology,ONT,537880599.65,1.0871,494804358,52898493.18,0.51,0.18,1.46,2019/05/05
1.0,BTCBitcoin,BTC,123389710222.36,6972.37,17696950,27773333679.68,0.13,2.98,21.25,2019/05/12
2.0,ETHEthereum,ETH,19864635090.8,187.33,106043512,10326050089.57,0.42,4.59,15.28,2019/05/12
3.0,XRPXRP,XRP,13064438400.02,0.3101,42133310721,2000224166.88,0.0,4.54,3.02,2019/05/12
4.0,BCHBitcoin Cash,BCH,6294245389.8,354.03,17778850,4136205097.4,1.06,0.1,21.67,2019/05/12
5.0,LTCLitecoin,LTC,5221525879.07,84.57,61745336,5582599422.01,0.32,6.19,12.45,2019/05/12
6.0,EOSEOS,EOS,4852039931.57,5.324,911360783,3301874542.4,0.14,4.58,10.0,2019/05/12
7.0,BNBBinance Coin,BNB,2940727441.47,20.83,141175490,239206083.65,1.03,1.73,8.27,2019/05/12
8.0,USDTTether,USDT,2765964069.6,0.9956,2778093795,26115401657.02,0.23,0.67,0.48,2019/05/12
9.0,XLMStellar,XLM,1896717427.97,0.09887,19184676408,347468948.79,0.07,4.21,0.3,2019/05/12
10.0,ADACardano,ADA,1817119314.84,0.07009,25927070538,141023789.49,0.01,7.68,6.89,2019/05/12
11.0,TRXTRON,TRX,1583962885.27,0.02375,66682072191,833444362.15,0.27,7.06,2.24,2019/05/12
12.0,XMRMonero,XMR,1259819570.62,74.21,16976902,58900217.19,0.16,4.68,12.93,2019/05/12
13.0,DASHDash,DASH,1094291042.39,124.3,8803817,343541553.26,0.61,0.62,4.18,2019/05/12
14.0,BSVBitcoin SV,BSV,1026678560.48,57.75,17776598,194447328.22,0.0,6.97,7.97,2019/05/12
15.0,MIOTAIOTA,MIOTA,846930950.6,0.3047,2779530283,16577963.23,0.64,3.18,3.37,2019/05/12
16.0,XTZTezos,XTZ,807377030.19,1.2224,660480222,6995488.27,0.4,3.71,5.64,2019/05/12
17.0,ATOMCosmos,ATOM,719467337.35,3.773,190688439,45901518.22,0.31,6.02,21.64,2019/05/12
18.0,ETCEthereum Classic,ETC,643014982.31,5.8239,110409590,735292770.25,0.82,5.36,2.55,2019/05/12
19.0,NEONeo,NEO,606248644.9,9.3269,65000000,423375082.04,0.43,6.22,1.33,2019/05/12
20.0,ONTOntology,ONT,569392601.12,1.1503,495004358,92585478.07,0.84,5.55,7.46,2019/05/12
1.0,BTCBitcoin,BTC,145185076704.97,8197.69,17710487,25902422039.65,0.09,12.32,16.71,2019/05/19
2.0,ETHEthereum,ETH,27733299057.13,261.29,106139016,12049250893.84,0.13,10.84,38.87,2019/05/19
3.0,XRPXRP,XRP,17599092589.2,0.4177,42133310721,2803922255.26,0.88,11.86,32.91,2019/05/19
4.0,BCHBitcoin Cash,BCH,7498997883.94,421.49,17791500,3347689965.63,1.14,17.24,19.13,2019/05/19
5.0,EOSEOS,EOS,5924726752.07,6.4942,912310172,2978376566.38,0.14,10.01,21.13,2019/05/19
6.0,LTCLitecoin,LTC,5895349548.69,95.32,61847201,4108852208.46,0.49,9.65,11.14,2019/05/19
7.0,BNBBinance Coin,BNB,4152372616.38,29.41,141175490,494423259.63,1.01,4.77,39.49,2019/05/19
8.0,USDTTether,USDT,2870362981.91,1.0106,2840229067,26838449166.67,0.34,1.3,1.4,2019/05/19
9.0,XLMStellar,XLM,2718394325.85,0.1415,19213277188,526532030.9,0.58,9.73,42.33,2019/05/19
10.0,ADACardano,ADA,2255549028.03,0.087,25927070538,145752504.08,0.05,9.41,22.95,2019/05/19
11.0,TRXTRON,TRX,1952261420.53,0.02928,66682072191,742466998.87,0.56,8.63,21.62,2019/05/19
12.0,XMRMonero,XMR,1539746808.46,90.62,16990939,67197703.51,0.55,13.39,21.91,2019/05/19
13.0,DASHDash,DASH,1496694584.77,169.78,8815719,509310051.3,3.56,19.92,36.17,2019/05/19
14.0,XTZTezos,XTZ,1212616492.54,1.8331,661512777,7564101.77,1.4,11.48,48.65,2019/05/19
15.0,MIOTAIOTA,MIOTA,1178610948.95,0.424,2779530283,32175816.29,0.48,7.84,38.94,2019/05/19
16.0,BSVBitcoin SV,BSV,1166554606.14,65.58,17788711,180383224.73,0.49,9.46,13.0,2019/05/19
17.0,ATOMCosmos,ATOM,933280007.49,4.8943,190688439,82033955.56,0.71,3.14,27.28,2019/05/19
18.0,ETCEthereum Classic,ETC,867391839.84,7.844,110580786,690201759.91,0.41,8.75,33.08,2019/05/19
19.0,XEMNEM,XEM,851043504.32,0.09456,8999999999,37241251.64,0.51,8.5,68.85,2019/05/19
20.0,NEONeo,NEO,767203241.28,11.8,65000000,478365060.72,0.54,9.57,26.11,2019/05/19
1.0,BTCBitcoin,BTC,153725486067.29,8673.22,17724162,26677970091.5,0.48,7.64,8.0,2019/05/26
2.0,ETHEthereum,ETH,28371943145.16,267.07,106234249,9664267730.9,0.56,5.92,4.58,2019/05/26
3.0,XRPXRP,XRP,17200982209.75,0.4084,42116677673,1848938650.06,0.48,5.56,0.28,2019/05/26
4.0,BCHBitcoin Cash,BCH,7706274016.54,432.84,17803950,2311867234.38,0.55,6.4,4.41,2019/05/26
5.0,LTCLitecoin,LTC,6902346395.21,111.42,61949676,5168378348.6,0.83,8.2,18.89,2019/05/26
6.0,EOSEOS,EOS,6309219233.06,6.9085,913260389,2843299025.22,1.07,7.8,8.55,2019/05/26
7.0,BNBBinance Coin,BNB,4814769247.91,34.1,141175490,611208603.91,1.35,2.14,17.62,2019/05/26
8.0,USDTTether,USDT,3092734489.9,1.0099,3062545090,21971964413.13,0.15,0.57,0.35,2019/05/26
9.0,XLMStellar,XLM,2569365015.99,0.1331,19298944923,400434267.71,0.89,5.87,4.23,2019/05/26
10.0,ADACardano,ADA,2230096451.63,0.08601,25927070538,111190328.72,0.84,6.87,1.38,2019/05/26
11.0,TRXTRON,TRX,2095788311.21,0.03143,66682072191,1145964555.89,0.28,11.73,9.38,2019/05/26
12.0,BSVBitcoin SV,BSV,1888474994.25,106.08,17801636,395277783.69,0.99,14.37,64.68,2019/05/26
13.0,XMRMonero,XMR,1564370682.15,92.0,17004919,78729256.21,0.47,5.77,4.38,2019/05/26
14.0,DASHDash,DASH,1435374453.26,162.6,8827639,959012638.21,0.03,4.13,0.38,2019/05/26
15.0,MIOTAIOTA,MIOTA,1140996815.89,0.4105,2779530283,29678442.25,0.84,6.67,0.8,2019/05/26
16.0,XTZTezos,XTZ,1102824936.94,1.665,662350128,5990544.91,0.9,6.03,6.11,2019/05/26
17.0,ATOMCosmos,ATOM,859734892.88,4.5086,190688439,49349631.95,0.26,2.42,7.25,2019/05/26
18.0,ETCEthereum Classic,ETC,848537727.69,7.6616,110751478,626354051.31,0.5,4.97,0.25,2019/05/26
19.0,XEMNEM,XEM,791940061.98,0.08799,8999999999,25678002.55,1.27,5.49,4.67,2019/05/26
20.0,NEONeo,NEO,778932349.77,11.98,65000000,391679153.2,0.67,4.36,4.16,2019/05/26
1.0,BTCBitcoin,BTC,155077231351.22,8742.96,17737387,20266216022.16,0.04,1.81,1.82,2019/06/02
2.0,ETHEthereum,ETH,28732949884.75,270.23,106329517,8744111713.27,0.33,1.19,2.05,2019/06/02
3.0,XRPXRP,XRP,18761924960.17,0.4448,42181995112,1595105831.87,0.11,2.82,9.84,2019/06/02
4.0,BCHBitcoin Cash,BCH,7906527803.35,443.77,17816663,1645915862.84,0.18,1.47,3.44,2019/06/02
5.0,EOSEOS,EOS,7132765224.42,7.774,917511591,3942017077.88,0.21,2.29,14.15,2019/06/02
6.0,LTCLitecoin,LTC,7117549253.45,114.7,62052076,3434073036.5,0.02,1.21,4.56,2019/06/02
7.0,BNBBinance Coin,BNB,4683362944.16,33.17,141175490,461362657.9,0.11,0.65,3.55,2019/06/02
8.0,BSVBitcoin SV,BSV,3419756287.17,191.97,17814373,399065617.09,1.54,0.99,80.65,2019/06/02
9.0,USDTTether,USDT,3138617718.16,1.0021,3131993375,19634978742.55,0.01,0.1,0.68,2019/06/02
10.0,XLMStellar,XLM,2659873179.1,0.1376,19327248744,428728157.76,0.73,2.94,4.36,2019/06/02
11.0,TRXTRON,TRX,2563111571.32,0.03844,66682072191,1371641994.23,1.18,0.41,22.57,2019/06/02
12.0,ADACardano,ADA,2503977776.99,0.09658,25927070538,187162218.1,1.54,4.72,13.34,2019/06/02
13.0,XMRMonero,XMR,1615842701.71,94.94,17018743,104335298.92,0.07,1.89,3.39,2019/06/02
14.0,DASHDash,DASH,1461466315.8,165.23,8844966,437591946.49,0.2,0.72,1.98,2019/06/02
15.0,MIOTAIOTA,MIOTA,1362585772.53,0.4902,2779530283,37289343.74,0.03,1.08,21.38,2019/06/02
16.0,ATOMCosmos,ATOM,1212264015.78,6.3573,190688439,84717217.8,2.34,9.66,41.26,2019/06/02
17.0,ETCEthereum Classic,ETC,1055459473.88,9.5152,110923928,992624941.18,0.32,10.02,25.38,2019/06/02
18.0,XTZTezos,XTZ,998364254.24,1.513,659878536,5045490.57,0.39,2.48,8.19,2019/06/02
19.0,NEONeo,NEO,918650726.96,14.13,65000000,480862891.95,0.66,2.24,18.54,2019/06/02
20.0,XEMNEM,XEM,858087702.81,0.09534,8999999999,30589300.69,0.57,1.13,9.64,2019/06/02
1.0,BTCBitcoin,BTC,136465098533.16,7688.08,17750225,16610726547.05,0.88,3.3,11.62,2019/06/09
2.0,ETHEthereum,ETH,24806123508.64,233.09,106424449,7566421455.56,1.16,4.99,13.3,2019/06/09
3.0,XRPXRP,XRP,16399949893.4,0.3883,42238947941,1575002838.04,1.29,5.84,12.84,2019/06/09
4.0,LTCLitecoin,LTC,7156126159.81,115.13,62155676,4360301111.39,1.16,2.75,0.53,2019/06/09
5.0,BCHBitcoin Cash,BCH,6795928981.94,381.17,17829300,1326212607.54,0.96,3.54,13.95,2019/06/09
6.0,EOSEOS,EOS,5668525580.88,6.1717,918463645,2202476170.89,1.12,3.42,19.48,2019/06/09
7.0,BNBBinance Coin,BNB,4314081086.68,30.56,141175490,336574886.83,0.17,4.74,7.12,2019/06/09
8.0,BSVBitcoin SV,BSV,3304678226.89,185.37,17827298,486304407.05,0.43,5.04,9.48,2019/06/09
9.0,USDTTether,USDT,3248557122.43,1.003,3238933772,17201793659.37,0.1,0.16,0.03,2019/06/09
10.0,XLMStellar,XLM,2318167337.34,0.1199,19331689941,369553778.18,0.83,4.99,12.54,2019/06/09
11.0,ADACardano,ADA,2060434301.67,0.07947,25927070538,122067718.34,1.37,5.29,16.39,2019/06/09
12.0,TRXTRON,TRX,2006199008.61,0.03009,66682072191,717761803.76,1.21,7.45,20.54,2019/06/09
13.0,XMRMonero,XMR,1427027278.67,83.78,17032194,135848271.22,1.01,4.44,11.85,2019/06/09
14.0,DASHDash,DASH,1265537507.14,142.89,8856878,337508604.51,0.99,1.99,13.2,2019/06/09
15.0,MIOTAIOTA,MIOTA,1142343515.52,0.411,2779530283,24623706.94,2.13,5.04,16.21,2019/06/09
16.0,ATOMCosmos,ATOM,1119797047.08,5.8724,190688439,49629336.64,1.79,4.44,5.79,2019/06/09
17.0,ETCEthereum Classic,ETC,905908990.57,8.1544,111094976,728018274.51,1.68,2.88,13.43,2019/06/09
18.0,NEONeo,NEO,815128352.62,11.56,70538831,445779063.98,1.82,3.84,17.06,2019/06/09
19.0,XTZTezos,XTZ,810791981.57,1.2271,660755048,4224512.84,0.61,2.99,18.69,2019/06/09
20.0,MKRMaker,MKR,736901585.01,736.9,1000000,4472481.23,0.16,4.4,1.11,2019/06/09
1.0,BTCBitcoin,BTC,159769423369.73,8994.49,17763037,23348550310.97,0.7,1.81,17.05,2019/06/16
2.0,ETHEthereum,ETH,28677606760.17,269.22,106519819,9676746452.62,0.45,0.25,15.25,2019/06/16
3.0,XRPXRP,XRP,18170284661.1,0.4275,42501950124,1981370152.3,0.44,4.21,10.61,2019/06/16
4.0,LTCLitecoin,LTC,8536706966.92,137.12,62256175,4372645800.6,0.18,0.17,19.27,2019/06/16
5.0,BCHBitcoin Cash,BCH,7642032028.34,428.32,17841838,1904693125.16,0.07,1.75,13.07,2019/06/16
6.0,EOSEOS,EOS,6429801584.97,6.9933,919416593,2909408357.62,0.28,1.59,13.72,2019/06/16
7.0,BNBBinance Coin,BNB,4574470639.88,32.4,141175490,389404410.17,0.28,1.29,5.33,2019/06/16
8.0,BSVBitcoin SV,BSV,3785005960.4,212.17,17839661,459971393.73,0.15,1.22,14.87,2019/06/16
9.0,USDTTether,USDT,3479357226.75,1.003,3469093225,23029024600.22,0.02,0.25,0.02,2019/06/16
10.0,XLMStellar,XLM,2519495194.74,0.1298,19408202374,330880314.3,0.22,2.73,8.41,2019/06/16
11.0,ADACardano,ADA,2393611253.66,0.09232,25927070538,197578316.72,0.14,0.81,16.02,2019/06/16
12.0,TRXTRON,TRX,2201165026.89,0.03301,66682072191,757904532.7,0.25,0.72,10.29,2019/06/16
13.0,XMRMonero,XMR,1634068688.96,95.86,17045839,217991870.32,0.17,1.37,14.27,2019/06/16
14.0,DASHDash,DASH,1389627506.57,156.69,8868780,353935768.6,0.78,0.81,9.86,2019/06/16
15.0,ATOMCosmos,ATOM,1285689467.57,6.7424,190688439,70784039.41,2.91,8.81,15.22,2019/06/16
16.0,MIOTAIOTA,MIOTA,1242215036.34,0.4469,2779530283,44074222.82,0.55,2.51,9.13,2019/06/16
17.0,NEONeo,NEO,990993090.69,14.05,70538831,551796446.59,0.05,0.58,21.17,2019/06/16
18.0,ETCEthereum Classic,ETC,967075643.77,8.6915,111266421,848979266.89,0.91,1.08,7.76,2019/06/16
19.0,XTZTezos,XTZ,851067754.69,1.2925,658457318,5700414.34,0.04,3.78,5.25,2019/06/16
20.0,XEMNEM,XEM,787226989.42,0.08747,8999999999,34131842.58,0.54,2.28,7.34,2019/06/16
1.0,BTCBitcoin,BTC,192970090354.71,10855.37,17776462,20998326501.96,0.24,1.33,19.53,2019/06/23
2.0,ETHEthereum,ETH,32819043043.36,307.83,106614947,8161062379.67,0.58,0.52,14.06,2019/06/23
3.0,XRPXRP,XRP,19903281582.06,0.4683,42501950124,2114801632.19,0.97,1.6,9.53,2019/06/23
4.0,LTCLitecoin,LTC,8536077179.26,136.88,62360769,3998980168.48,0.33,3.16,0.34,2019/06/23
5.0,BCHBitcoin Cash,BCH,8481134641.45,475.02,17854375,2313225131.6,0.41,0.98,10.72,2019/06/23
6.0,EOSEOS,EOS,6669765157.28,7.2469,920365887,2469803493.47,1.09,3.03,3.24,2019/06/23
7.0,BNBBinance Coin,BNB,5242513178.55,37.13,141175490,369969675.05,0.43,1.8,14.33,2019/06/23
8.0,BSVBitcoin SV,BSV,4237495801.84,237.37,17852148,481450075.51,0.53,0.7,11.72,2019/06/23
9.0,USDTTether,USDT,3520635647.66,0.9967,3532324467,20905913458.19,0.1,0.1,0.71,2019/06/23
10.0,ADACardano,ADA,2505704184.52,0.09664,25927070538,245604694.01,0.01,2.5,4.84,2019/06/23
11.0,TRXTRON,TRX,2491855575.63,0.03737,66682072191,815907332.34,0.56,0.94,12.93,2019/06/23
12.0,XLMStellar,XLM,2472276297.0,0.1274,19408949003,393971398.78,1.34,1.29,1.61,2019/06/23
13.0,XMRMonero,XMR,1964078842.54,115.13,17059271,135554013.9,0.41,0.43,19.37,2019/06/23
14.0,LEOUNUS SED LEO,LEO,1878226067.04,1.8792,999498893,6815400.84,0.05,2.18,0.29,2019/06/23
15.0,DASHDash,DASH,1548410613.0,174.36,8880693,376279203.71,0.93,0.9,10.59,2019/06/23
16.0,ATOMCosmos,ATOM,1297201137.51,6.8027,190688439,68464562.04,1.47,2.08,3.82,2019/06/23
17.0,MIOTAIOTA,MIOTA,1248981682.72,0.4493,2779530283,27811656.12,0.85,3.12,0.02,2019/06/23
18.0,NEONeo,NEO,1183242524.44,16.77,70538831,719167134.82,1.36,4.28,18.04,2019/06/23
19.0,ETCEthereum Classic,ETC,1033684279.46,9.2759,111437501,958883927.02,0.15,1.53,6.15,2019/06/23
20.0,XEMNEM,XEM,817280305.06,0.09081,8999999999,38186933.94,0.97,1.59,2.08,2019/06/23
1.0,BTCBitcoin,BTC,192442065810.22,10817.16,17790450,27256473494.47,1.67,10.14,0.04,2019/06/30
2.0,ETHEthereum,ETH,31020295932.11,290.7,106710433,10303111000.42,0.9,8.67,5.76,2019/06/30
3.0,XRPXRP,XRP,16873846275.02,0.3964,42566596173,1570726856.17,0.48,7.11,15.19,2019/06/30
4.0,LTCLitecoin,LTC,7636046758.42,122.25,62463001,5525273220.32,0.52,8.64,11.01,2019/06/30
5.0,BCHBitcoin Cash,BCH,7137232211.41,399.47,17866738,1933402677.68,1.53,9.28,16.15,2019/06/30
6.0,EOSEOS,EOS,5312121571.84,5.7658,921320682,2701782653.61,0.06,9.38,20.59,2019/06/30
7.0,BNBBinance Coin,BNB,4580083462.04,32.44,141175490,286632252.04,1.18,7.62,12.41,2019/06/30
8.0,USDTTether,USDT,3573328668.1,0.9925,3600378341,27348295158.14,0.11,0.67,0.37,2019/06/30
9.0,BSVBitcoin SV,BSV,3467494146.96,194.2,17854986,474619499.19,0.77,9.1,17.73,2019/06/30
10.0,TRXTRON,TRX,2129781704.92,0.03194,66682072191,956413297.85,1.32,8.99,14.91,2019/06/30
11.0,ADACardano,ADA,2128549912.33,0.0821,25927070538,161855807.03,1.2,9.25,14.83,2019/06/30
12.0,XLMStellar,XLM,2026374527.01,0.1043,19419886003,402976986.37,1.2,8.74,18.39,2019/06/30
13.0,LEOUNUS SED LEO,LEO,1756992667.43,1.7579,999498893,14967395.79,0.14,7.47,6.16,2019/06/30
14.0,XMRMonero,XMR,1497868508.83,87.74,17070711,127287723.24,1.3,12.1,23.98,2019/06/30
15.0,DASHDash,DASH,1391438029.67,156.47,8892578,295890300.55,1.34,7.81,10.6,2019/06/30
16.0,LINKChainlink,LINK,1206411074.63,3.4469,350000000,434865871.66,0.55,11.33,90.4,2019/06/30
17.0,NEONeo,NEO,1179050780.64,16.71,70538831,637139053.39,1.04,9.21,1.25,2019/06/30
18.0,MIOTAIOTA,MIOTA,1089939500.62,0.3921,2779530283,19381112.03,0.27,7.74,13.44,2019/06/30
19.0,ATOMCosmos,ATOM,1032279303.96,5.4134,190688439,83453263.96,1.56,10.59,20.42,2019/06/30
20.0,ETCEthereum Classic,ETC,862249986.69,7.7257,111607976,892040482.73,1.47,6.47,16.09,2019/06/30
1.0,BTCBitcoin,BTC,203881891345.94,11450.85,17804962,19369044276.9,0.16,2.21,2.81,2019/07/07
2.0,ETHEthereum,ETH,32650611905.72,305.7,106805862,8119724980.55,0.11,6.24,2.53,2019/07/07
3.0,XRPXRP,XRP,16900947895.06,0.397,42566596173,1210813689.92,0.55,1.97,2.39,2019/07/07
4.0,LTCLitecoin,LTC,7527688154.66,120.32,62563441,3348662401.11,0.72,1.95,4.59,2019/07/07
5.0,BCHBitcoin Cash,BCH,7362894509.27,411.81,17879363,1334925075.51,0.17,1.54,0.1,2019/07/07
6.0,EOSEOS,EOS,5495328927.99,5.9584,922278076,1869752911.72,0.03,3.3,0.83,2019/07/07
7.0,BNBBinance Coin,BNB,4692823027.78,33.24,141175490,198859380.61,0.04,1.95,0.51,2019/07/07
8.0,USDTTether,USDT,3710332354.5,1.0025,3701263728,19840392097.2,0.28,0.39,0.94,2019/07/07
9.0,BSVBitcoin SV,BSV,3563006593.27,199.55,17854986,321610433.63,0.15,0.78,0.05,2019/07/07
10.0,TRXTRON,TRX,2329386104.44,0.03493,66682072191,761416388.19,0.2,8.87,6.16,2019/07/07
11.0,ADACardano,ADA,2073226940.31,0.07996,25927070538,104984613.08,0.42,3.37,5.56,2019/07/07
12.0,XLMStellar,XLM,2040677489.62,0.1051,19425054296,235672563.28,0.37,2.25,2.17,2019/07/07
13.0,XMRMonero,XMR,1831299478.21,107.18,17085691,182719893.72,1.91,13.68,17.94,2019/07/07
14.0,LEOUNUS SED LEO,LEO,1699473826.01,1.7003,999498893,7842668.87,0.55,0.53,3.89,2019/07/07
15.0,DASHDash,DASH,1404511671.68,157.63,8910239,247451364.53,0.09,2.23,1.54,2019/07/07
16.0,NEONeo,NEO,1216041947.67,17.24,70538831,472904348.73,0.69,2.59,0.49,2019/07/07
17.0,LINKChainlink,LINK,1160024637.02,3.3144,350000000,97053705.02,1.15,5.3,9.46,2019/07/07
18.0,MIOTAIOTA,MIOTA,1104971993.85,0.3975,2779530283,21000779.44,0.12,2.04,1.4,2019/07/07
19.0,ATOMCosmos,ATOM,1030941752.25,5.4064,190688439,53427682.85,0.02,2.07,3.59,2019/07/07
20.0,ETCEthereum Classic,ETC,886493089.19,7.9308,111779041,666411771.95,0.17,1.62,0.11,2019/07/07
1.0,BTCBitcoin,BTC,182741933551.73,10256.06,17817950,22486000001.35,2.86,9.59,10.46,2019/07/14
2.0,ETHEthereum,ETH,24328422207.44,227.58,106901434,8578339385.95,4.33,15.24,25.59,2019/07/14
3.0,XRPXRP,XRP,13043521741.91,0.3064,42566596173,1365358144.4,2.39,7.74,22.47,2019/07/14
4.0,LTCLitecoin,LTC,5625773339.07,89.77,62668412,3717531245.51,2.16,10.97,24.88,2019/07/14
5.0,BCHBitcoin Cash,BCH,5060555564.49,282.84,17891713,1688007280.24,8.83,17.81,30.96,2019/07/14
6.0,BNBBinance Coin,BNB,4083399701.45,28.92,141175490,299523499.0,2.43,7.68,13.36,2019/07/14
7.0,USDTTether,USDT,3916691731.6,0.9999,3916710739,23891996869.56,0.13,0.06,0.48,2019/07/14
8.0,EOSEOS,EOS,3801248934.86,4.1173,923235084,2477639002.76,2.94,13.19,30.87,2019/07/14
9.0,BSVBitcoin SV,BSV,2256919347.69,126.4,17854986,354809355.82,6.75,17.61,36.46,2019/07/14
10.0,TRXTRON,TRX,1689220379.5,0.02533,66682072191,570381989.25,3.48,10.65,27.47,2019/07/14
11.0,XLMStellar,XLM,1675498907.23,0.08625,19426240684,257679688.09,2.27,9.12,17.7,2019/07/14
12.0,ADACardano,ADA,1540824931.3,0.05943,25927070538,101190601.62,2.98,10.77,25.64,2019/07/14
13.0,XMRMonero,XMR,1469061989.2,85.92,17098574,120701885.26,2.24,7.45,18.36,2019/07/14
14.0,LEOUNUS SED LEO,LEO,1406070899.52,1.4068,999498893,12096615.57,0.7,1.82,16.97,2019/07/14
15.0,DASHDash,DASH,1107983488.3,124.18,8922110,238515647.99,2.6,11.36,21.37,2019/07/14
16.0,LINKChainlink,LINK,975583149.26,2.7874,350000000,95436163.67,3.26,12.53,17.27,2019/07/14
17.0,NEONeo,NEO,852593626.96,12.09,70538831,497474369.61,4.47,14.47,29.24,2019/07/14
18.0,MIOTAIOTA,MIOTA,852338607.31,0.3066,2779530283,12889671.29,3.56,11.02,23.0,2019/07/14
19.0,ATOMCosmos,ATOM,728560118.89,3.8207,190688439,237373610.29,2.84,10.34,28.81,2019/07/14
20.0,ETCEthereum Classic,ETC,634811915.23,5.6705,111949965,635115699.69,4.14,14.32,28.57,2019/07/14
1.0,BTCBitcoin,BTC,188987475961.56,10599.11,17830512,17130580467.04,0.29,2.61,2.25,2019/07/21
2.0,ETHEthereum,ETH,24141704293.33,225.63,106996508,6685082868.05,0.35,2.29,1.33,2019/07/21
3.0,XRPXRP,XRP,14190843703.79,0.3313,42832704971,1045044899.58,0.41,1.39,6.65,2019/07/21
4.0,LTCLitecoin,LTC,6253213997.82,99.63,62765887,2829054214.76,0.32,2.17,11.21,2019/07/21
5.0,BCHBitcoin Cash,BCH,5744869635.01,320.86,17904338,1359692580.6,0.35,2.73,9.06,2019/07/21
6.0,BNBBinance Coin,BNB,4746909287.27,30.52,155536713,285097789.56,0.38,1.71,5.84,2019/07/21
7.0,USDTTether,USDT,4030144849.92,1.0008,4026989838,18408364222.25,0.15,0.48,0.02,2019/07/21
8.0,EOSEOS,EOS,3997599996.77,4.3255,924192816,1695848081.23,0.55,1.0,2.45,2019/07/21
9.0,BSVBitcoin SV,BSV,3154961436.56,176.7,17854986,508699423.59,1.18,1.14,40.1,2019/07/21
10.0,TRXTRON,TRX,1944368817.05,0.02916,66682072191,579044738.31,2.17,1.74,14.48,2019/07/21
11.0,XLMStellar,XLM,1787972385.09,0.0912,19604574843,171556897.91,0.19,4.44,5.13,2019/07/21
12.0,ADACardano,ADA,1586808067.15,0.0612,25927070538,53461725.92,0.57,4.16,3.02,2019/07/21
13.0,XMRMonero,XMR,1436640153.59,83.96,17111546,105487494.03,0.46,2.69,1.05,2019/07/21
14.0,LEOUNUS SED LEO,LEO,1282211379.13,1.2829,999498893,7077292.98,0.89,0.01,8.3,2019/07/21
15.0,DASHDash,DASH,1063550858.72,119.04,8934040,165889734.46,0.28,0.52,4.22,2019/07/21
16.0,NEONeo,NEO,916839610.4,13.0,70538831,357555199.53,0.78,4.41,6.18,2019/07/21
17.0,LINKChainlink,LINK,892624348.17,2.5504,350000000,48335818.22,0.42,4.18,8.75,2019/07/21
18.0,MIOTAIOTA,MIOTA,878807420.81,0.3162,2779530283,10446490.16,0.45,2.74,3.14,2019/07/21
19.0,ATOMCosmos,ATOM,806272807.52,4.2282,190688439,183003172.17,1.22,2.74,10.89,2019/07/21
20.0,XTZTezos,XTZ,710469524.31,1.0769,659742188,7885430.76,0.63,2.79,15.91,2019/07/21
1.0,BTCBitcoin,BTC,170461958073.99,9552.86,17844075,13738687092.78,1.47,0.83,9.57,2019/07/28
2.0,ETHEthereum,ETH,22616386468.24,211.19,107091982,5504887933.63,2.43,1.79,5.8,2019/07/28
3.0,XRPXRP,XRP,13376153627.09,0.3123,42832704971,846655033.95,1.26,0.62,5.15,2019/07/28
4.0,LTCLitecoin,LTC,5643415872.97,89.77,62865743,2460180908.05,2.97,1.14,9.25,2019/07/28
5.0,BCHBitcoin Cash,BCH,5562469265.82,310.46,17917013,1304270431.91,2.11,1.49,2.87,2019/07/28
6.0,BNBBinance Coin,BNB,4329390810.27,27.84,155536713,163990878.12,1.85,0.1,8.6,2019/07/28
7.0,USDTTether,USDT,4036568222.78,1.0022,4027564415,14944677256.93,0.48,0.39,0.24,2019/07/28
8.0,EOSEOS,EOS,3933409664.55,4.2516,925151605,1584112937.52,3.65,0.22,1.29,2019/07/28
9.0,BSVBitcoin SV,BSV,2640158079.96,147.87,17854986,331028991.89,3.75,1.82,13.86,2019/07/28
10.0,XLMStellar,XLM,1641507621.54,0.08368,19616918813,70283125.08,1.3,0.65,7.81,2019/07/28
11.0,ADACardano,ADA,1541995847.37,0.05947,25927070538,30475480.04,2.54,0.46,2.54,2019/07/28
12.0,TRXTRON,TRX,1489106818.58,0.02233,66682072191,438015796.33,1.97,1.84,22.46,2019/07/28
13.0,XMRMonero,XMR,1361217351.86,79.49,17124239,70562693.74,1.46,0.96,5.49,2019/07/28
14.0,LEOUNUS SED LEO,LEO,1281358226.83,1.282,999498893,5099932.63,1.21,0.5,1.04,2019/07/28
15.0,DASHDash,DASH,969657236.46,108.39,8945957,318393081.91,2.55,1.87,8.31,2019/07/28
16.0,NEONeo,NEO,793796259.2,11.25,70538831,261530492.15,1.73,0.69,12.63,2019/07/28
17.0,MIOTAIOTA,MIOTA,790201249.83,0.2843,2779530283,9928978.29,1.87,1.15,9.46,2019/07/28
18.0,LINKChainlink,LINK,776205287.2,2.2177,350000000,37139641.67,1.94,1.86,13.27,2019/07/28
19.0,ATOMCosmos,ATOM,689863878.28,3.6178,190688439,110281448.84,2.05,0.35,13.87,2019/07/28
20.0,XTZTezos,XTZ,669998869.43,1.0146,660373612,4624412.61,1.36,0.63,5.18,2019/07/28
1.0,BTCBitcoin,BTC,195907875403.02,10970.18,17858212,16530894786.81,0.12,1.18,14.61,2019/08/04
2.0,ETHEthereum,ETH,23867371248.81,222.67,107187320,5238542572.36,0.05,0.14,5.76,2019/08/04
3.0,XRPXRP,XRP,13712472284.6,0.3198,42872646068,926896286.61,0.04,0.9,2.9,2019/08/04
4.0,BCHBitcoin Cash,BCH,5982644434.3,333.67,17929638,1364528840.52,0.09,0.01,8.22,2019/08/04
5.0,LTCLitecoin,LTC,5868857449.0,93.2,62968018,2427608116.77,0.07,1.57,3.84,2019/08/04
6.0,BNBBinance Coin,BNB,4285994666.62,27.56,155536713,136844756.44,0.04,1.31,0.54,2019/08/04
7.0,USDTTether,USDT,4046865534.54,1.0051,4026461173,16547093138.49,0.04,0.04,0.44,2019/08/04
8.0,EOSEOS,EOS,3928841375.24,4.2423,926112021,1116858840.38,0.01,1.36,0.61,2019/08/04
9.0,BSVBitcoin SV,BSV,2687245449.4,150.5,17854986,304525776.09,0.32,1.03,1.33,2019/08/04
10.0,XLMStellar,XLM,1611200658.02,0.08213,19617693058,74352871.29,0.01,0.36,2.32,2019/08/04
11.0,XMRMonero,XMR,1511132702.24,88.18,17136889,91749361.68,0.12,0.24,10.24,2019/08/04
12.0,TRXTRON,TRX,1494683390.08,0.02242,66682072191,410756046.04,0.46,2.19,0.15,2019/08/04
13.0,ADACardano,ADA,1458935743.8,0.05627,25927070538,45039556.85,0.06,2.63,4.97,2019/08/04
14.0,LEOUNUS SED LEO,LEO,1317753308.83,1.3184,999498893,8254016.72,0.08,0.59,2.5,2019/08/04
15.0,DASHDash,DASH,960930851.96,107.2,8963542,150889264.2,0.18,0.47,1.02,2019/08/04
16.0,XTZTezos,XTZ,948979104.34,1.437,660373612,9783266.27,0.51,0.53,41.19,2019/08/04
17.0,LINKChainlink,LINK,874189200.67,2.4977,350000000,95419755.16,0.19,1.23,12.39,2019/08/04
18.0,NEONeo,NEO,842787100.99,11.95,70538831,253636012.92,0.07,1.18,5.41,2019/08/04
19.0,MIOTAIOTA,MIOTA,793152554.89,0.2854,2779530283,8428939.76,0.49,0.42,0.16,2019/08/04
20.0,ETCEthereum Classic,ETC,688533138.21,6.1223,112464031,409522410.05,0.53,3.8,3.15,2019/08/04
1.0,BTCBitcoin,BTC,205941632234.68,11523.58,17871325,15774371517.99,0.32,1.39,3.2,2019/08/11
2.0,ETHEthereum,ETH,23183002869.05,216.09,107282590,6440605604.67,0.42,4.0,3.86,2019/08/11
3.0,XRPXRP,XRP,12943909473.68,0.3019,42872646068,838671654.19,0.1,1.02,6.11,2019/08/11
4.0,BCHBitcoin Cash,BCH,6032155087.54,336.2,17942350,1216405503.96,0.04,5.84,0.35,2019/08/11
5.0,LTCLitecoin,LTC,5655924170.02,89.75,63016781,3025787942.1,0.01,4.46,4.68,2019/08/11
6.0,BNBBinance Coin,BNB,4675006646.4,30.06,155536713,263951564.72,0.17,1.4,8.57,2019/08/11
7.0,USDTTether,USDT,4033923479.86,0.9977,4043425265,16176202792.81,0.11,0.05,0.85,2019/08/11
8.0,EOSEOS,EOS,3885696388.68,4.1914,927071821,1554705812.85,0.18,2.09,2.17,2019/08/11
9.0,BSVBitcoin SV,BSV,2603968439.09,145.84,17854986,296628678.16,0.07,2.42,4.07,2019/08/11
10.0,XMRMonero,XMR,1582098857.94,92.25,17149467,82229709.08,0.15,1.32,3.44,2019/08/11
11.0,XLMStellar,XLM,1528210579.04,0.07784,19632397508,78355613.54,0.29,5.48,5.23,2019/08/11
12.0,ADACardano,ADA,1425499839.14,0.05498,25927070538,58526307.57,0.45,4.46,2.75,2019/08/11
13.0,TRXTRON,TRX,1381358563.18,0.02072,66682072191,452209004.2,0.13,1.38,7.39,2019/08/11
14.0,LEOUNUS SED LEO,LEO,1308090043.35,1.3087,999498893,7207663.89,0.48,6.08,0.61,2019/08/11
15.0,DASHDash,DASH,959670387.15,106.92,8975441,224599771.21,0.5,7.44,1.13,2019/08/11
16.0,XTZTezos,XTZ,908558770.69,1.3758,660373612,8402166.3,0.29,0.67,5.67,2019/08/11
17.0,LINKChainlink,LINK,838892496.39,2.3968,350000000,75758083.96,1.03,3.63,5.03,2019/08/11
18.0,NEONeo,NEO,782180245.89,11.09,70538831,249570404.66,0.96,4.28,8.15,2019/08/11
19.0,MIOTAIOTA,MIOTA,748804365.21,0.2694,2779530283,7896853.6,0.49,2.61,6.23,2019/08/11
20.0,ATOMCosmos,ATOM,672076519.67,3.5245,190688439,119824702.11,0.23,5.86,3.11,2019/08/11
1.0,BTCBitcoin,BTC,185022920955.42,10345.81,17883850,12999813869.05,0.07,1.14,9.63,2019/08/18
2.0,ETHEthereum,ETH,20884307088.15,194.49,107377901,5969012023.76,0.09,4.75,9.44,2019/08/18
3.0,XRPXRP,XRP,12122901988.39,0.2826,42890708341,1216547018.68,0.02,6.6,6.68,2019/08/18
4.0,BCHBitcoin Cash,BCH,5682902162.51,316.51,17954913,1132352693.82,0.16,3.02,5.95,2019/08/18
5.0,LTCLitecoin,LTC,4809876076.86,76.27,63063843,2743241606.14,0.35,4.75,14.63,2019/08/18
6.0,BNBBinance Coin,BNB,4344520680.48,27.93,155536713,229491438.1,0.03,1.51,7.45,2019/08/18
7.0,USDTTether,USDT,4057444465.69,1.0034,4043607702,14364172776.12,0.15,0.29,0.34,2019/08/18
8.0,EOSEOS,EOS,3436755575.19,3.7033,928033272,1276665931.37,0.13,4.0,11.43,2019/08/18
9.0,BSVBitcoin SV,BSV,2439016943.87,136.6,17854986,263906619.51,0.21,2.55,6.35,2019/08/18
10.0,XMRMonero,XMR,1510667110.24,88.02,17161841,80774013.68,1.43,7.08,4.02,2019/08/18
11.0,XLMStellar,XLM,1389769434.81,0.07079,19633542514,66660569.38,0.09,4.35,9.36,2019/08/18
12.0,ADACardano,ADA,1315314322.73,0.05073,25927070538,38253394.62,0.04,7.08,6.68,2019/08/18
13.0,LEOUNUS SED LEO,LEO,1314337611.76,1.315,999498893,11115285.93,1.58,7.61,0.91,2019/08/18
14.0,TRXTRON,TRX,1189131713.73,0.01783,66682072191,386511456.0,0.24,4.83,13.93,2019/08/18
15.0,LINKChainlink,LINK,874873977.3,2.4996,350000000,74479050.4,0.97,4.83,3.34,2019/08/18
16.0,DASHDash,DASH,854767038.59,95.11,8987307,130360201.99,0.11,2.87,10.6,2019/08/18
17.0,XTZTezos,XTZ,794345202.49,1.2029,660373612,5300851.41,0.14,1.14,12.95,2019/08/18
18.0,NEONeo,NEO,696953952.22,9.8804,70538831,232179408.29,0.09,2.21,9.55,2019/08/18
19.0,MIOTAIOTA,MIOTA,689377661.67,0.248,2779530283,5188150.23,0.23,2.34,7.48,2019/08/18
20.0,ETCEthereum Classic,ETC,629472338.53,5.5801,112806644,365608038.04,0.41,2.07,4.25,2019/08/18
1.0,BTCBitcoin,BTC,181450186164.48,10138.52,17897112,14153856609.65,0.68,0.03,2.37,2019/08/25
2.0,ETHEthereum,ETH,20080495261.01,186.84,107472908,5826017143.09,0.2,2.01,4.43,2019/08/25
3.0,XRPXRP,XRP,11589356109.38,0.2701,42909539227,964693736.61,0.17,0.72,5.06,2019/08/25
4.0,BCHBitcoin Cash,BCH,5490872606.32,305.6,17967400,1156287353.54,0.33,0.42,3.85,2019/08/25
5.0,LTCLitecoin,LTC,4563612040.24,72.31,63113387,2227400266.89,0.17,1.48,5.72,2019/08/25
6.0,BNBBinance Coin,BNB,4064461676.71,26.13,155536713,165296407.74,0.53,1.17,6.47,2019/08/25
7.0,USDTTether,USDT,4047319906.56,0.9996,4049107372,15701077261.54,0.04,0.15,0.39,2019/08/25
8.0,EOSEOS,EOS,3305131642.39,3.5578,928991811,1373815043.54,0.2,2.81,4.35,2019/08/25
9.0,BSVBitcoin SV,BSV,2373713767.69,132.94,17854986,283207351.95,0.64,0.19,3.36,2019/08/25
10.0,XLMStellar,XLM,1407444845.58,0.07168,19636142641,116852501.32,0.7,6.57,1.15,2019/08/25
11.0,XMRMonero,XMR,1380344265.4,80.37,17174207,97178649.03,0.65,0.1,6.58,2019/08/25
12.0,ADACardano,ADA,1281808184.57,0.04944,25927070538,104616408.22,0.29,1.72,2.04,2019/08/25
13.0,LEOUNUS SED LEO,LEO,1175540521.11,1.1761,999498893,5507373.42,0.13,0.12,9.97,2019/08/25
14.0,TRXTRON,TRX,1171405384.61,0.01757,66682072191,482224129.2,0.36,0.98,2.03,2019/08/25
15.0,DASHDash,DASH,822765307.61,91.43,8999233,148936750.84,0.13,0.82,4.02,2019/08/25
16.0,ETCEthereum Classic,ETC,807922109.7,7.1511,112979098,829563022.77,0.1,3.55,27.75,2019/08/25
17.0,XTZTezos,XTZ,754098350.41,1.1419,660373612,7996368.87,0.3,0.58,5.52,2019/08/25
18.0,MIOTAIOTA,MIOTA,735562218.73,0.2646,2779530283,8070254.33,0.07,2.05,6.12,2019/08/25
19.0,LINKChainlink,LINK,729777072.66,2.0851,350000000,59471444.83,1.05,4.45,15.92,2019/08/25
20.0,NEONeo,NEO,681634893.86,9.6633,70538831,238063245.67,0.54,3.99,2.78,2019/08/25
1.0,BTCBitcoin,BTC,174768292883.37,9757.97,17910312,11445355859.37,0.29,1.18,4.61,2019/09/01
2.0,ETHEthereum,ETH,18461846967.6,171.63,107568079,5554799575.86,0.43,0.79,9.18,2019/09/01
3.0,XRPXRP,XRP,11092364971.53,0.2581,42984656144,825579908.16,0.25,0.53,5.16,2019/09/01
4.0,BCHBitcoin Cash,BCH,5076312771.38,282.33,17980125,1053837321.05,0.16,0.39,8.36,2019/09/01
5.0,LTCLitecoin,LTC,4177872604.63,66.14,63162599,2228146663.35,0.62,2.14,9.56,2019/09/01
6.0,USDTTether,USDT,4026198549.68,1.0046,4007869728,13692453816.59,0.11,0.14,0.27,2019/09/01
7.0,BNBBinance Coin,BNB,3354720068.0,21.57,155536713,173772204.73,0.22,0.59,17.72,2019/09/01
8.0,EOSEOS,EOS,3047908479.86,3.2775,929953584,1255219409.63,0.35,1.7,8.85,2019/09/01
9.0,BSVBitcoin SV,BSV,2314946418.42,129.65,17854986,280438624.14,0.2,0.2,2.81,2019/09/01
10.0,XMRMonero,XMR,1233580704.17,71.78,17186343,50287115.1,0.68,6.15,11.56,2019/09/01
11.0,XLMStellar,XLM,1226847587.7,0.06247,19639376193,72357367.33,0.4,0.95,11.83,2019/09/01
12.0,ADACardano,ADA,1154858194.54,0.04454,25927070538,31928554.93,0.57,1.31,10.51,2019/09/01
13.0,LEOUNUS SED LEO,LEO,1148665271.96,1.1492,999498893,5022303.27,0.27,1.37,3.24,2019/09/01
14.0,TRXTRON,TRX,1041912670.75,0.01563,66682072191,424372233.76,0.17,0.08,11.92,2019/09/01
15.0,HTHuobi Token,HT,931382860.73,3.7879,245880576,70506504.14,0.1,2.42,20.84,2019/09/01
16.0,DASHDash,DASH,721956272.69,80.07,9016711,149634076.58,0.53,0.46,13.13,2019/09/01
17.0,ETCEthereum Classic,ETC,709299971.67,6.2686,113150403,512252388.16,0.24,0.65,12.91,2019/09/01
18.0,XTZTezos,XTZ,681637980.05,1.0322,660373612,8250825.17,0.75,1.1,10.66,2019/09/01
19.0,MIOTAIOTA,MIOTA,671499176.38,0.2416,2779530283,5111188.02,0.65,2.51,10.26,2019/09/01
20.0,LINKChainlink,LINK,621326044.22,1.7752,350000000,43571942.2,0.58,0.93,15.67,2019/09/01
1.0,BTCBitcoin,BTC,187150078006.71,10441.28,17924062,13670567492.76,0.0,0.8,7.37,2019/09/08
2.0,ETHEthereum,ETH,19525276831.02,181.36,107662984,6472677265.55,0.08,1.43,5.8,2019/09/08
3.0,XRPXRP,XRP,11308589244.51,0.2631,42984656144,1043077808.74,0.15,0.75,2.32,2019/09/08
4.0,BCHBitcoin Cash,BCH,5523893244.04,307.01,17992563,1362441598.18,0.31,1.37,8.84,2019/09/08
5.0,LTCLitecoin,LTC,4459610896.98,70.55,63212629,2776939870.23,0.18,1.94,6.81,2019/09/08
6.0,USDTTether,USDT,4092580761.9,1.0053,4071193568,16261435449.56,0.04,0.04,0.24,2019/09/08
7.0,EOSEOS,EOS,3514317859.53,3.7751,930917384,2112877993.0,0.96,5.38,15.97,2019/09/08
8.0,BNBBinance Coin,BNB,3509171072.71,22.56,155536713,175027324.31,0.03,0.23,4.84,2019/09/08
9.0,BSVBitcoin SV,BSV,2419929880.67,135.53,17854986,307391476.14,0.78,0.3,4.56,2019/09/08
10.0,XMRMonero,XMR,1330742273.26,77.38,17198396,58161502.6,0.0,1.4,9.66,2019/09/08
11.0,ADACardano,ADA,1211284020.19,0.04672,25927070538,46948887.15,0.18,0.96,5.61,2019/09/08
12.0,XLMStellar,XLM,1202255231.38,0.06088,19747411152,162947636.64,0.59,2.3,2.34,2019/09/08
13.0,LEOUNUS SED LEO,LEO,1069757898.0,1.0703,999498893,5195986.73,0.03,0.53,6.23,2019/09/08
14.0,TRXTRON,TRX,1056275571.47,0.01584,66682072191,565551912.16,0.29,2.2,2.18,2019/09/08
15.0,HTHuobi Token,HT,996499490.58,4.0528,245880576,68409898.74,0.03,0.36,6.8,2019/09/08
16.0,DASHDash,DASH,792223214.42,87.75,9028628,170509822.75,0.2,3.66,9.79,2019/09/08
17.0,ETCEthereum Classic,ETC,754701043.63,6.6598,113321695,510581786.28,0.01,0.44,6.42,2019/09/08
18.0,XTZTezos,XTZ,703564280.07,1.0654,660373612,10251626.83,0.31,3.59,3.32,2019/09/08
19.0,MIOTAIOTA,MIOTA,681418009.71,0.2452,2779530283,4028777.98,0.24,1.19,1.24,2019/09/08
20.0,NEONeo,NEO,656020815.27,9.3001,70538831,242131522.92,0.1,1.77,5.88,2019/09/08
1.0,BTCBitcoin,BTC,185618174383.96,10347.71,17938087,12043433567.35,0.05,0.1,0.65,2019/09/15
2.0,ETHEthereum,ETH,20451239362.28,189.79,107757696,6222874780.04,0.32,0.83,5.1,2019/09/15
3.0,XRPXRP,XRP,11256389684.49,0.2616,43024433511,859761209.59,0.16,0.11,0.23,2019/09/15
4.0,BCHBitcoin Cash,BCH,5477821378.49,304.23,18005363,1205048956.28,0.04,0.33,0.3,2019/09/15
5.0,LTCLitecoin,LTC,4448378326.73,70.32,63263417,2330572400.02,0.21,0.67,0.36,2019/09/15
6.0,USDTTether,USDT,4123580641.88,1.0039,4107544456,14415596813.45,0.01,0.16,0.16,2019/09/15
7.0,EOSEOS,EOS,3790231233.46,4.0673,931880981,1883036239.19,0.18,1.25,9.42,2019/09/15
8.0,BNBBinance Coin,BNB,3203891493.01,20.6,155536713,151856190.12,0.65,2.32,8.44,2019/09/15
9.0,BSVBitcoin SV,BSV,2138947005.14,119.8,17854986,288012018.57,0.35,0.34,11.36,2019/09/15
10.0,XMRMonero,XMR,1302670692.64,75.69,17210363,57294721.53,0.27,0.02,2.03,2019/09/15
11.0,ADACardano,ADA,1213352353.76,0.0468,25927070538,41237028.54,0.41,0.31,0.21,2019/09/15
12.0,XLMStellar,XLM,1167331732.41,0.05812,20083653210,92378655.48,0.13,0.26,4.0,2019/09/15
13.0,LEOUNUS SED LEO,LEO,1068257352.08,1.0688,999498893,5601370.06,0.03,1.2,0.24,2019/09/15
14.0,TRXTRON,TRX,1039726738.83,0.01559,66682072191,554916296.04,0.27,1.57,0.75,2019/09/15
15.0,HTHuobi Token,HT,1000118436.29,4.0706,245696127,63303315.84,0.06,0.57,0.62,2019/09/15
16.0,DASHDash,DASH,806313555.21,89.19,9040513,218503109.37,0.43,2.58,1.5,2019/09/15
17.0,ETCEthereum Classic,ETC,711078641.53,6.2651,113498685,445611167.61,0.02,0.2,5.28,2019/09/15
18.0,MIOTAIOTA,MIOTA,693517441.87,0.2495,2779530283,3340807.45,0.11,0.8,2.77,2019/09/15
19.0,XTZTezos,XTZ,662384863.41,1.003,660373612,9925483.76,0.03,0.39,6.23,2019/09/15
20.0,ATOMCosmos,ATOM,657552909.1,3.4483,190688439,189272973.54,0.15,9.48,32.3,2019/09/15
1.0,BTCBitcoin,BTC,180784051698.6,10070.39,17952037,13199651698.47,0.11,0.53,2.73,2019/09/22
2.0,ETHEthereum,ETH,22815755536.13,211.55,107852768,7812854576.0,0.64,1.73,10.38,2019/09/22
3.0,XRPXRP,XRP,12009356967.93,0.2789,43055012634,1242282757.65,0.23,3.38,6.49,2019/09/22
4.0,BCHBitcoin Cash,BCH,5554995552.26,308.3,18018038,1324458032.97,0.24,1.06,0.84,2019/09/22
5.0,LTCLitecoin,LTC,4597645596.35,72.62,63314392,2494428147.24,0.27,0.9,2.37,2019/09/22
6.0,USDTTether,USDT,4118866620.59,1.0026,4108044456,16627445895.65,0.1,0.01,0.14,2019/09/22
7.0,EOSEOS,EOS,3575680045.06,3.8331,932847190,1617857450.87,0.11,4.31,5.96,2019/09/22
8.0,BNBBinance Coin,BNB,3192478009.93,20.53,155536713,153747683.91,0.53,2.51,1.41,2019/09/22
9.0,BSVBitcoin SV,BSV,2141659237.66,119.95,17854986,242721087.18,0.84,1.78,1.11,2019/09/22
10.0,XLMStellar,XLM,1384230931.64,0.06892,20084647943,205953711.3,0.2,2.32,18.14,2019/09/22
11.0,ADACardano,ADA,1273314002.43,0.04911,25927070538,86152016.49,0.52,4.85,4.6,2019/09/22
12.0,XMRMonero,XMR,1260457544.45,73.19,17222051,72664743.69,0.54,0.52,3.17,2019/09/22
13.0,TRXTRON,TRX,1128300529.76,0.01692,66682072191,652943017.21,0.13,6.44,8.15,2019/09/22
14.0,LEOUNUS SED LEO,LEO,1081340504.05,1.0819,999498893,5911605.17,0.11,0.18,1.46,2019/09/22
15.0,HTHuobi Token,HT,988505341.23,4.0233,245696127,88236689.82,0.37,1.09,1.1,2019/09/22
16.0,DASHDash,DASH,830609846.39,91.76,9052417,213969219.71,0.15,1.85,2.15,2019/09/22
17.0,MIOTAIOTA,MIOTA,776502877.31,0.2794,2779530283,5563087.36,0.07,4.57,11.32,2019/09/22
18.0,XTZTezos,XTZ,696868197.84,1.0553,660373612,8594941.18,0.42,1.39,4.58,2019/09/22
19.0,ETCEthereum Classic,ETC,685271740.78,6.0277,113686626,467907074.95,0.19,1.79,4.11,2019/09/22
20.0,NEONeo,NEO,643616173.62,9.1243,70538831,267115362.62,0.38,3.09,0.2,2019/09/22
1.0,BTCBitcoin,BTC,145590374680.61,8104.19,17964837,13034629108.5,0.26,1.5,19.21,2019/09/29
2.0,ETHEthereum,ETH,18405401314.94,170.5,107947361,6497088198.81,0.62,2.17,18.55,2019/09/29
3.0,XRPXRP,XRP,10399003153.25,0.2414,43080011224,931369885.1,0.3,0.41,12.61,2019/09/29
4.0,USDTTether,USDT,4131364185.29,1.0057,4108044456,15804140911.77,0.06,0.0,0.25,2019/09/29
5.0,BCHBitcoin Cash,BCH,3974487247.26,220.43,18030588,1523703377.28,0.13,3.54,28.01,2019/09/29
6.0,LTCLitecoin,LTC,3441861229.43,54.32,63363217,1825233236.87,0.56,2.4,24.87,2019/09/29
7.0,EOSEOS,EOS,2611476257.42,2.7966,933817036,1199067768.77,0.43,2.19,26.45,2019/09/29
8.0,BNBBinance Coin,BNB,2380504959.59,15.31,155536713,109712932.41,0.96,3.37,24.72,2019/09/29
9.0,BSVBitcoin SV,BSV,1476698555.96,82.71,17854986,197802786.83,0.16,2.19,30.38,2019/09/29
10.0,XLMStellar,XLM,1168654373.02,0.05813,20105094642,162849826.85,0.25,1.77,13.94,2019/09/29
11.0,LEOUNUS SED LEO,LEO,1045263883.3,1.0458,999498893,10318586.97,0.18,0.56,3.21,2019/09/29
12.0,ADACardano,ADA,971890056.53,0.03749,25927070538,43311030.25,0.62,3.05,22.65,2019/09/29
13.0,XMRMonero,XMR,967928070.54,56.16,17233800,63364565.17,0.32,2.87,22.41,2019/09/29
14.0,TRXTRON,TRX,893676568.87,0.0134,66682072191,523279121.01,0.94,1.9,20.16,2019/09/29
15.0,HTHuobi Token,HT,759667874.35,3.0919,245696127,74630012.37,0.32,2.24,22.98,2019/09/29
16.0,MIOTAIOTA,MIOTA,728991374.91,0.2623,2779530283,3358638.96,0.01,1.4,5.81,2019/09/29
17.0,DASHDash,DASH,629405016.78,69.44,9064336,187343276.39,0.03,3.23,23.94,2019/09/29
18.0,LINKChainlink,LINK,601027004.32,1.7172,350000000,85120108.21,0.2,1.02,4.69,2019/09/29
19.0,XTZTezos,XTZ,586346796.21,0.8879,660373612,11871749.44,0.08,0.93,15.67,2019/09/29
20.0,ETCEthereum Classic,ETC,521298768.75,4.5779,113872006,439473025.62,0.34,2.39,23.69,2019/09/29
1.0,BTCBitcoin,BTC,143607672862.46,7988.16,17977575,13160830305.19,0.06,2.06,0.59,2019/10/06
2.0,ETHEthereum,ETH,18697637484.06,173.06,108041892,5852890673.67,0.38,1.9,2.12,2019/10/06
3.0,XRPXRP,XRP,11112666133.08,0.2577,43121735112,965338466.43,0.87,1.69,7.17,2019/10/06
4.0,USDTTether,USDT,4157697859.38,1.0121,4108044456,15827357438.67,0.02,0.91,0.71,2019/10/06
5.0,BCHBitcoin Cash,BCH,4031015784.73,223.41,18042975,1104864271.51,0.42,0.06,2.17,2019/10/06
6.0,LTCLitecoin,LTC,3513746873.64,55.41,63411792,2381501439.35,0.08,2.5,2.74,2019/10/06
7.0,EOSEOS,EOS,2760544953.59,2.9531,934784447,1182881123.17,0.45,1.13,6.1,2019/10/06
8.0,BNBBinance Coin,BNB,2387329910.37,15.35,155536713,116659102.83,0.31,2.43,0.47,2019/10/06
9.0,BSVBitcoin SV,BSV,1466721705.85,82.15,17854986,198006418.2,0.26,0.71,0.26,2019/10/06
10.0,XLMStellar,XLM,1188801304.53,0.05909,20117691449,166037941.17,0.4,0.04,1.88,2019/10/06
11.0,ADACardano,ADA,1019553042.08,0.03932,25927070538,38119872.42,0.73,1.04,5.74,2019/10/06
12.0,TRXTRON,TRX,986179655.13,0.01479,66682072191,647870693.94,0.18,2.63,11.33,2019/10/06
13.0,LEOUNUS SED LEO,LEO,972579234.13,0.9731,999498893,13378233.81,0.13,5.9,6.8,2019/10/06
14.0,XMRMonero,XMR,957040023.99,55.5,17245370,73400789.02,0.21,1.91,0.57,2019/10/06
15.0,LINKChainlink,LINK,765835879.32,2.1881,350000000,126356581.4,0.58,11.2,28.49,2019/10/06
16.0,MIOTAIOTA,MIOTA,751393369.7,0.2703,2779530283,6469439.67,0.48,2.23,3.47,2019/10/06
17.0,HTHuobi Token,HT,749185359.33,3.0492,245696127,71410156.1,0.01,3.06,0.48,2019/10/06
18.0,DASHDash,DASH,640641899.09,70.54,9081946,213763279.62,0.11,0.26,2.39,2019/10/06
19.0,XTZTezos,XTZ,579113085.98,0.8769,660373612,12691817.92,0.06,3.86,0.03,2019/10/06
20.0,ETCEthereum Classic,ETC,518461858.79,4.5456,114057863,375661290.89,0.07,1.57,0.25,2019/10/06
1.0,BTCBitcoin,BTC,149700817938.86,8321.01,17990712,13808286058.98,0.06,0.32,4.37,2019/10/13
2.0,ETHEthereum,ETH,19688808993.7,182.08,108135617,6733182272.99,0.17,0.38,5.45,2019/10/13
3.0,XRPXRP,XRP,11990204702.59,0.2778,43166787298,1176911157.8,0.27,1.56,7.53,2019/10/13
4.0,USDTTether,USDT,4128347940.82,1.0049,4108044456,16192755685.79,0.11,0.15,0.57,2019/10/13
5.0,BCHBitcoin Cash,BCH,4046676733.88,224.12,18055588,1113479952.86,0.16,0.56,0.5,2019/10/13
6.0,LTCLitecoin,LTC,3599137699.36,56.71,63461192,2235957909.15,0.14,1.08,2.86,2019/10/13
7.0,EOSEOS,EOS,2920280356.33,3.1208,935752765,1327230773.83,0.45,0.81,5.71,2019/10/13
8.0,BNBBinance Coin,BNB,2847569963.89,18.31,155536713,275090600.05,0.11,5.27,19.57,2019/10/13
9.0,BSVBitcoin SV,BSV,1547249914.41,86.66,17854986,267105275.63,0.09,0.39,5.39,2019/10/13
10.0,XLMStellar,XLM,1204152887.22,0.06014,20023784794,168514765.41,0.71,0.67,1.79,2019/10/13
11.0,TRXTRON,TRX,1076022132.73,0.01614,66682072191,622543636.11,0.04,2.46,8.63,2019/10/13
12.0,ADACardano,ADA,1071428262.4,0.04132,25927070538,34184264.61,0.32,1.65,5.9,2019/10/13
13.0,LEOUNUS SED LEO,LEO,997246024.26,0.9977,999498893,7798496.85,0.16,0.15,3.11,2019/10/13
14.0,XMRMonero,XMR,923683478.79,53.53,17256893,64022635.88,1.11,0.74,3.34,2019/10/13
15.0,LINKChainlink,LINK,874110353.86,2.4975,350000000,107136821.5,0.79,4.19,13.9,2019/10/13
16.0,HTHuobi Token,HT,838637658.64,3.4155,245537640,51315131.65,0.21,0.17,12.16,2019/10/13
17.0,MIOTAIOTA,MIOTA,775394347.36,0.279,2779530283,7376922.69,0.04,3.24,3.32,2019/10/13
18.0,DASHDash,DASH,644877127.3,70.91,9093803,218051256.15,0.19,0.36,0.84,2019/10/13
19.0,XTZTezos,XTZ,596776442.21,0.9037,660373612,19773440.71,0.06,1.2,3.08,2019/10/13
20.0,MEXCMEXC Token,MEXC,550834826.87,0.6034,912955691,1482073.72,0.32,0.68,8.93,2019/10/13
1.0,BTCBitcoin,BTC,148026597063.94,8222.08,18003550,15504249442.11,0.06,2.96,1.45,2019/10/20
2.0,ETHEthereum,ETH,18997957789.42,175.53,108229274,6801091120.45,0.06,1.72,4.02,2019/10/20
3.0,XRPXRP,XRP,12721101190.4,0.2942,43242653330,1804228003.43,0.18,0.6,4.79,2019/10/20
4.0,USDTTether,USDT,4119901026.02,1.0029,4108044456,19329244105.53,0.11,0.43,0.19,2019/10/20
5.0,BCHBitcoin Cash,BCH,4063978003.77,224.93,18068088,1366308263.9,0.0,5.12,0.16,2019/10/20
6.0,LTCLitecoin,LTC,3488800280.96,54.93,63508504,2612273452.87,0.08,1.7,3.47,2019/10/20
7.0,BNBBinance Coin,BNB,2867774149.14,18.44,155536713,225458859.05,0.47,1.28,0.63,2019/10/20
8.0,EOSEOS,EOS,2740115299.66,2.9252,936722563,1400512069.22,0.13,1.61,6.51,2019/10/20
9.0,BSVBitcoin SV,BSV,1690943191.46,94.7,17854986,303194147.25,0.13,4.89,8.82,2019/10/20
10.0,XLMStellar,XLM,1267150236.12,0.06325,20034911426,228457502.36,0.06,0.26,3.46,2019/10/20
11.0,TRXTRON,TRX,1037064304.5,0.01555,66682072191,632826319.36,0.04,0.3,4.74,2019/10/20
12.0,ADACardano,ADA,1024858733.34,0.03953,25927070538,33137956.07,0.01,0.87,4.57,2019/10/20
13.0,LEOUNUS SED LEO,LEO,1020843881.89,1.0214,999498893,7826639.21,0.1,0.45,2.75,2019/10/20
14.0,XMRMonero,XMR,974338218.93,56.42,17268294,70720780.99,0.16,3.14,5.8,2019/10/20
15.0,LINKChainlink,LINK,854512428.64,2.4415,350000000,86836833.7,1.52,3.39,3.14,2019/10/20
16.0,HTHuobi Token,HT,800894555.95,3.4196,234205523,77169216.04,0.22,0.1,0.88,2019/10/20
17.0,MIOTAIOTA,MIOTA,752938604.36,0.2709,2779530283,3002891.41,0.05,0.63,3.05,2019/10/20
18.0,DASHDash,DASH,631038167.0,69.3,9105708,193642159.36,0.31,2.36,2.85,2019/10/20
19.0,XTZTezos,XTZ,579437173.87,0.8774,660373612,9297805.78,0.01,1.21,3.66,2019/10/20
20.0,MEXCMEXC Token,MEXC,569036830.79,0.6218,915107826,1861833.58,0.27,4.11,2.72,2019/10/20
1.0,BTCBitcoin,BTC,172087039875.45,9551.71,18016350,32593129500.74,0.4,3.56,16.17,2019/10/27
2.0,ETHEthereum,ETH,19957408084.51,184.24,108321584,10815941952.49,0.7,2.64,5.11,2019/10/27
3.0,XRPXRP,XRP,12892254870.9,0.2981,43248091671,2237941945.98,0.27,1.58,1.82,2019/10/27
4.0,BCHBitcoin Cash,BCH,4723673729.2,261.25,18080938,3228198617.92,0.73,3.62,15.94,2019/10/27
5.0,USDTTether,USDT,4125469824.0,1.0042,4108044456,40519447548.97,0.04,0.17,0.06,2019/10/27
6.0,LTCLitecoin,LTC,3807830063.14,59.91,63554942,4218140032.0,0.35,5.8,9.38,2019/10/27
7.0,EOSEOS,EOS,3130088274.71,3.3381,937692132,3568565292.32,0.4,6.56,14.21,2019/10/27
8.0,BNBBinance Coin,BNB,3008958175.1,19.35,155536713,292948855.01,0.12,3.28,5.65,2019/10/27
9.0,BSVBitcoin SV,BSV,2538038523.61,140.47,18068415,834794508.94,0.49,1.22,47.67,2019/10/27
10.0,XLMStellar,XLM,1292824227.39,0.06451,20039779054,287822040.32,0.27,2.91,2.03,2019/10/27
11.0,TRXTRON,TRX,1275743415.0,0.01913,66682072191,1578939461.96,1.25,16.08,23.39,2019/10/27
12.0,ADACardano,ADA,1097616330.09,0.04233,25927070538,122643092.58,0.44,4.76,7.92,2019/10/27
13.0,XMRMonero,XMR,1032497926.34,59.75,17279470,166355879.29,1.08,5.87,5.85,2019/10/27
14.0,LEOUNUS SED LEO,LEO,980763585.05,0.9813,999498893,15997168.62,0.64,0.27,3.7,2019/10/27
15.0,LINKChainlink,LINK,936411527.68,2.6755,350000000,135864814.02,0.41,2.22,9.09,2019/10/27
16.0,HTHuobi Token,HT,862665494.34,3.5734,241415523,179486077.81,1.13,1.69,4.27,2019/10/27
17.0,NEONeo,NEO,814128670.11,11.54,70538831,1153240925.43,1.13,26.28,57.75,2019/10/27
18.0,MIOTAIOTA,MIOTA,760527581.12,0.2736,2779530283,13641390.55,0.18,2.24,1.17,2019/10/27
19.0,DASHDash,DASH,654270106.88,71.76,9117609,260742874.48,0.8,1.18,3.28,2019/10/27
20.0,ATOMCosmos,ATOM,610752427.16,3.2029,190688439,202467915.0,0.34,3.76,10.87,2019/10/27
1.0,BTCBitcoin,BTC,166495319475.22,9235.35,18028037,21132220847.49,0.03,1.03,4.2,2019/11/03
2.0,ETHEthereum,ETH,19777347724.09,182.43,108413569,8760247743.9,0.26,0.83,1.76,2019/11/03
3.0,XRPXRP,XRP,12596463117.22,0.2913,43248091671,1381510371.08,0.29,1.79,2.47,2019/11/03
4.0,BCHBitcoin Cash,BCH,5296136970.28,292.71,18093425,2598715593.22,0.56,0.13,10.75,2019/11/03
5.0,USDTTether,USDT,4126314408.69,1.0044,4108044456,24597499286.73,0.06,0.03,0.4,2019/11/03
6.0,LTCLitecoin,LTC,3728676101.93,58.63,63601946,3259935586.02,0.4,0.1,3.06,2019/11/03
7.0,BNBBinance Coin,BNB,3142781985.62,20.21,155536713,257571665.6,0.15,0.33,2.61,2019/11/03
8.0,EOSEOS,EOS,3083125736.82,3.2846,938664398,1747407101.29,0.31,1.52,2.93,2019/11/03
9.0,BSVBitcoin SV,BSV,2341224259.14,129.58,18068415,625193166.45,0.32,2.0,8.62,2019/11/03
10.0,XLMStellar,XLM,1385608525.89,0.06909,20054779654,310422868.81,0.2,2.59,6.36,2019/11/03
11.0,TRXTRON,TRX,1313635904.75,0.0197,66682072191,854200817.26,0.24,1.34,1.34,2019/11/03
12.0,XMRMonero,XMR,1097392280.75,63.47,17290651,252599152.3,1.16,1.87,4.9,2019/11/03
13.0,ADACardano,ADA,1087128847.82,0.04193,25927070538,38559537.28,0.13,1.54,2.36,2019/11/03
14.0,LEOUNUS SED LEO,LEO,1004268683.34,1.0048,999498893,7514507.19,0.11,0.3,1.89,2019/11/03
15.0,HTHuobi Token,HT,942696186.96,3.907,241284047,109409606.08,0.08,1.09,5.72,2019/11/03
16.0,LINKChainlink,LINK,935129238.53,2.6718,350000000,106456374.47,0.04,1.57,2.04,2019/11/03
17.0,NEONeo,NEO,781207002.94,11.07,70538831,463777667.71,0.24,0.38,6.72,2019/11/03
18.0,MIOTAIOTA,MIOTA,750369699.18,0.27,2779530283,4683883.41,0.07,1.56,1.88,2019/11/03
19.0,DASHDash,DASH,652416407.25,71.42,9135186,273155768.91,0.2,1.36,2.41,2019/11/03
20.0,ATOMCosmos,ATOM,647561219.0,3.3959,190688439,134586293.95,0.35,1.14,4.54,2019/11/03
1.0,BTCBitcoin,BTC,163364406731.87,9055.53,18040300,20587919881.03,0.41,2.75,1.71,2019/11/10
2.0,ETHEthereum,ETH,20559121064.62,189.48,108504416,8752784211.21,0.44,2.34,3.99,2019/11/10
3.0,XRPXRP,XRP,12132388502.12,0.2802,43298481757,1557437413.3,0.44,0.2,3.98,2019/11/10
4.0,BCHBitcoin Cash,BCH,5313685658.36,293.48,18106063,2125907736.64,0.65,3.84,1.58,2019/11/10
5.0,USDTTether,USDT,4119110880.64,1.0027,4108044456,24552202766.58,0.04,0.14,0.31,2019/11/10
6.0,LTCLitecoin,LTC,4063643935.84,63.84,63652108,3611586094.46,0.46,2.98,9.14,2019/11/10
7.0,EOSEOS,EOS,3368114310.2,3.5845,939630194,2399902626.37,0.56,2.85,9.5,2019/11/10
8.0,BNBBinance Coin,BNB,3185665329.36,20.48,155536713,239714467.99,0.1,3.32,1.03,2019/11/10
9.0,BSVBitcoin SV,BSV,2434718388.39,134.75,18068415,672594575.25,0.39,4.01,4.81,2019/11/10
10.0,XLMStellar,XLM,1568851587.39,0.07823,20054779554,343258930.15,0.74,7.42,13.85,2019/11/10
11.0,TRXTRON,TRX,1293789172.93,0.0194,66682072191,1197385478.24,0.34,2.41,0.56,2019/11/10
12.0,ADACardano,ADA,1139696015.62,0.04396,25927070538,71691724.66,0.2,3.61,5.01,2019/11/10
13.0,XMRMonero,XMR,1105294084.01,63.9,17296526,176219413.87,0.36,2.85,0.41,2019/11/10
14.0,LEOUNUS SED LEO,LEO,991422947.03,0.9919,999498893,13815799.78,0.14,1.54,1.34,2019/11/10
15.0,LINKChainlink,LINK,973925990.97,2.7826,350000000,145643656.81,0.07,0.58,4.6,2019/11/10
16.0,HTHuobi Token,HT,941624371.79,3.9026,241284047,120366894.48,0.26,1.56,0.21,2019/11/10
17.0,XTZTezos,XTZ,812505003.9,1.2304,660373612,31134798.99,0.35,0.55,41.59,2019/11/10
18.0,ATOMCosmos,ATOM,802408392.75,4.208,190688439,175582528.78,0.05,6.3,24.11,2019/11/10
19.0,NEONeo,NEO,779188899.96,11.05,70538831,422163610.23,0.63,3.51,0.39,2019/11/10
20.0,MIOTAIOTA,MIOTA,744181542.43,0.2677,2779530283,8344804.02,0.15,0.48,1.13,2019/11/10
1.0,BTCBitcoin,BTC,154861842424.93,8577.98,18053425,18668638896.63,1.19,0.32,5.24,2019/11/17
2.0,ETHEthereum,ETH,20102654600.78,185.12,108593008,7364325470.86,0.9,0.93,2.52,2019/11/17
3.0,XRPXRP,XRP,11485052604.3,0.2653,43298481757,1273573228.91,1.06,0.58,5.71,2019/11/17
4.0,BCHBitcoin Cash,BCH,4869324517.06,268.74,18118875,1565942482.4,1.43,0.42,8.61,2019/11/17
5.0,USDTTether,USDT,4142844475.71,1.0085,4108044456,20418489157.32,0.86,0.18,0.51,2019/11/17
6.0,LTCLitecoin,LTC,3794900734.42,59.57,63701446,3215100477.98,1.25,1.51,6.76,2019/11/17
7.0,EOSEOS,EOS,3218347132.48,3.4216,940608996,1573105687.12,0.95,0.53,4.7,2019/11/17
8.0,BNBBinance Coin,BNB,3151297090.58,20.26,155536713,224982344.15,1.02,0.01,1.28,2019/11/17
9.0,BSVBitcoin SV,BSV,2246662177.65,124.34,18068415,433044444.04,1.15,0.02,8.06,2019/11/17
10.0,XLMStellar,XLM,1446685558.15,0.07214,20054779554,197097973.86,0.83,0.35,7.81,2019/11/17
11.0,TRXTRON,TRX,1259812513.04,0.01889,66682072191,896891601.94,1.24,0.43,2.49,2019/11/17
12.0,ADACardano,ADA,1177627885.38,0.04542,25927070538,74834540.11,1.52,2.74,3.75,2019/11/17
13.0,XMRMonero,XMR,1075882950.17,62.14,17312551,201294251.17,1.45,0.24,2.86,2019/11/17
14.0,LINKChainlink,LINK,1026161955.07,2.9319,350000000,99099080.35,0.42,1.87,5.55,2019/11/17
15.0,LEOUNUS SED LEO,LEO,975032312.59,0.9755,999498893,8372880.76,1.02,0.29,1.58,2019/11/17
16.0,HTHuobi Token,HT,878332589.3,3.6402,241284047,164664144.93,1.29,0.64,6.93,2019/11/17
17.0,NEONeo,NEO,858760423.11,12.17,70538831,411707984.74,0.98,1.93,10.1,2019/11/17
18.0,XTZTezos,XTZ,767707352.92,1.1625,660373612,22483166.7,1.25,0.38,5.52,2019/11/17
19.0,ATOMCosmos,ATOM,748307218.67,3.9242,190688439,119429121.34,0.83,1.44,6.02,2019/11/17
20.0,MIOTAIOTA,MIOTA,720280246.35,0.2591,2779530283,8438805.3,1.18,0.38,3.18,2019/11/17
1.0,BTCBitcoin,BTC,127327398565.03,7047.92,18065962,30433517289.47,0.99,4.44,18.09,2019/11/24
2.0,ETHEthereum,ETH,15523459920.49,142.83,108681292,7782769097.96,1.96,6.81,23.1,2019/11/24
3.0,XRPXRP,XRP,9663857830.99,0.2232,43299885509,2932397174.29,2.19,4.88,16.03,2019/11/24
4.0,USDTTether,USDT,4180011937.39,1.0175,4108044456,25990545760.92,0.57,0.48,0.59,2019/11/24
5.0,BCHBitcoin Cash,BCH,3719555397.51,205.15,18131013,2128845957.16,1.64,5.01,23.86,2019/11/24
6.0,LTCLitecoin,LTC,2849656911.63,44.73,63701938,2709705879.18,2.22,7.68,25.29,2019/11/24
7.0,BNBBinance Coin,BNB,2376408888.99,15.28,155536713,232363837.13,2.74,6.41,24.81,2019/11/24
8.0,EOSEOS,EOS,2307205604.79,2.4504,941580899,2906089979.26,2.52,9.58,28.63,2019/11/24
9.0,BSVBitcoin SV,BSV,1814217167.92,100.41,18068415,599838915.16,2.4,7.54,19.48,2019/11/24
10.0,XLMStellar,XLM,1140743319.59,0.05688,20054779554,795594527.54,1.87,6.07,21.24,2019/11/24
11.0,LEOUNUS SED LEO,LEO,935760479.05,0.9362,999498893,13756868.19,0.39,1.66,4.44,2019/11/24
12.0,TRXTRON,TRX,928905052.13,0.01393,66682072191,1212567751.36,2.12,7.81,26.35,2019/11/24
13.0,ADACardano,ADA,922680695.48,0.03559,25927070538,62998664.48,1.32,7.17,21.83,2019/11/24
14.0,XTZTezos,XTZ,887731654.43,1.3443,660373612,49206069.82,1.39,3.65,13.73,2019/11/24
15.0,XMRMonero,XMR,835374693.01,48.22,17323449,150228084.17,1.8,7.37,22.72,2019/11/24
16.0,LINKChainlink,LINK,789526614.89,2.2558,350000000,149929049.52,1.93,7.21,23.32,2019/11/24
17.0,NEONeo,NEO,645495987.74,9.1509,70538831,400062692.95,2.08,9.19,24.61,2019/11/24
18.0,HTHuobi Token,HT,583464627.26,2.4182,241284047,129201164.78,2.36,13.94,33.53,2019/11/24
19.0,ATOMCosmos,ATOM,582795476.9,3.0563,190688439,267084993.87,5.45,5.39,21.76,2019/11/24
20.0,MIOTAIOTA,MIOTA,565947118.61,0.2036,2779530283,10929514.56,2.62,6.18,21.95,2019/11/24
1.0,BTCBitcoin,BTC,134215145409.92,7424.29,18077837,18720708479.35,0.28,1.64,6.33,2019/12/01
2.0,ETHEthereum,ETH,16443650814.39,151.19,108764570,7102780297.54,0.17,0.49,5.97,2019/12/01
3.0,XRPXRP,XRP,9756884340.97,0.2253,43299885509,1176237060.4,0.56,0.22,1.75,2019/12/01
4.0,USDTTether,USDT,4118235661.15,1.0025,4108044456,21027847332.3,0.15,0.04,0.91,2019/12/01
5.0,BCHBitcoin Cash,BCH,3922144119.0,216.17,18143825,1260404762.21,0.11,1.12,5.38,2019/12/01
6.0,LTCLitecoin,LTC,3041545709.07,47.71,63749132,2781413686.07,0.19,0.68,5.88,2019/12/01
7.0,EOSEOS,EOS,2618290742.23,2.7779,942556942,1792147034.05,0.29,0.97,12.87,2019/12/01
8.0,BNBBinance Coin,BNB,2410249227.29,15.5,155536713,203268416.7,0.03,0.97,1.41,2019/12/01
9.0,BSVBitcoin SV,BSV,1884411960.68,104.29,18068415,377438738.63,0.1,2.84,3.76,2019/12/01
10.0,XLMStellar,XLM,1164817487.42,0.05808,20054779554,214999369.9,0.36,1.7,1.91,2019/12/01
11.0,TRXTRON,TRX,1063601685.2,0.01595,66682072191,1221749577.2,0.09,3.13,14.39,2019/12/01
12.0,ADACardano,ADA,1026365437.17,0.03959,25927070538,59641355.4,0.38,1.94,11.73,2019/12/01
13.0,XMRMonero,XMR,928901682.79,53.59,17334698,32630308.78,0.26,1.88,10.95,2019/12/01
14.0,LEOUNUS SED LEO,LEO,920004249.02,0.9205,999498893,7672142.66,0.05,0.77,1.04,2019/12/01
15.0,XTZTezos,XTZ,828296390.47,1.2543,660373612,24127566.8,0.97,5.86,4.33,2019/12/01
16.0,LINKChainlink,LINK,758496044.01,2.1671,350000000,136819693.23,0.11,2.92,3.13,2019/12/01
17.0,ATOMCosmos,ATOM,726017955.02,3.8074,190688439,175883739.43,0.36,2.36,20.73,2019/12/01
18.0,HTHuobi Token,HT,676072551.96,2.802,241284047,155934736.92,0.16,0.62,17.17,2019/12/01
19.0,NEONeo,NEO,655229253.43,9.2889,70538831,313468750.06,0.12,0.64,1.94,2019/12/01
20.0,MIOTAIOTA,MIOTA,574237706.74,0.2066,2779530283,5360255.89,0.05,1.77,1.26,2019/12/01
1.0,BTCBitcoin,BTC,136847419895.98,7564.35,18091112,15409908086.2,0.0,0.16,2.23,2019/12/08
2.0,ETHEthereum,ETH,16464729150.19,151.26,108847116,6441727251.9,0.08,1.61,0.23,2019/12/08
3.0,XRPXRP,XRP,9974529031.25,0.2304,43285660917,1117646357.78,0.2,1.05,2.88,2019/12/08
4.0,USDTTether,USDT,4134238974.83,1.0064,4108044456,16556799285.74,0.31,0.17,0.2,2019/12/08
5.0,BCHBitcoin Cash,BCH,3891948419.08,214.36,18156438,1048971272.87,0.1,0.8,0.91,2019/12/08
6.0,LTCLitecoin,LTC,2931804622.03,45.95,63800146,2266427857.2,0.39,0.77,3.19,2019/12/08
7.0,EOSEOS,EOS,2603139257.61,2.7589,943527147,1081418816.1,0.08,0.95,0.51,2019/12/08
8.0,BNBBinance Coin,BNB,2437963812.54,15.67,155536713,223721642.86,0.1,0.06,1.25,2019/12/08
9.0,BSVBitcoin SV,BSV,1760696830.28,97.45,18068415,255260741.63,0.2,1.26,6.0,2019/12/08
10.0,XLMStellar,XLM,1125717482.06,0.05613,20054779554,159244878.27,1.05,1.46,2.67,2019/12/08
11.0,XTZTezos,XTZ,1061776776.18,1.6078,660373612,67179435.81,0.73,9.38,27.65,2019/12/08
12.0,ADACardano,ADA,1009798192.45,0.03895,25927070538,25653004.19,0.45,0.52,1.18,2019/12/08
13.0,TRXTRON,TRX,983813077.75,0.01475,66682072191,909202289.13,0.48,0.97,6.74,2019/12/08
14.0,XMRMonero,XMR,940877036.48,54.24,17345476,121427914.02,0.23,0.7,1.42,2019/12/08
15.0,LEOUNUS SED LEO,LEO,913036740.68,0.9135,999498893,7033320.36,0.2,0.11,1.18,2019/12/08
16.0,ATOMCosmos,ATOM,752311273.88,3.9452,190688439,201085482.84,0.12,3.9,3.36,2019/12/08
17.0,LINKChainlink,LINK,720652032.49,2.059,350000000,103114464.87,0.65,0.01,4.86,2019/12/08
18.0,HTHuobi Token,HT,680272345.02,2.8194,241284047,86537271.71,0.12,0.51,0.33,2019/12/08
19.0,999999,999,654069606.95,3.0127,217100999,21487781.01,0.06,34.87,506.06,2019/12/08
20.0,NEONeo,NEO,641236530.19,9.0905,70538831,305831753.42,0.13,1.41,1.99,2019/12/08
1.0,BTCBitcoin,BTC,129481424647.56,7152.3,18103462,16881129804.3,0.05,0.48,5.29,2019/12/15
2.0,ETHEthereum,ETH,15589117504.16,143.11,108927217,7235153410.53,0.06,0.45,5.32,2019/12/15
3.0,XRPXRP,XRP,9467680409.95,0.2186,43310265523,1171149673.43,0.02,0.51,5.0,2019/12/15
4.0,USDTTether,USDT,4127007369.9,1.0046,4108044456,19575469230.12,0.09,0.13,0.01,2019/12/15
5.0,BCHBitcoin Cash,BCH,3767572455.39,207.36,18168813,1364339246.59,0.07,0.07,3.22,2019/12/15
6.0,LTCLitecoin,LTC,2784724200.68,43.76,63640907,2668105124.2,0.05,0.12,4.5,2019/12/15
7.0,EOSEOS,EOS,2430995703.17,2.5738,944504388,1201756312.05,0.13,0.32,6.48,2019/12/15
8.0,BNBBinance Coin,BNB,2253796377.9,14.49,155536713,167670329.31,0.04,0.29,7.71,2019/12/15
9.0,BSVBitcoin SV,BSV,1689052392.75,93.48,18068415,360708497.51,0.12,0.65,3.55,2019/12/15
10.0,XTZTezos,XTZ,1108106235.46,1.678,660373612,67968593.92,0.69,0.17,5.37,2019/12/15
11.0,XLMStellar,XLM,1030780416.59,0.0514,20054779554,184576351.34,0.11,0.7,7.74,2019/12/15
12.0,ADACardano,ADA,950315361.18,0.03665,25927070538,28289226.85,0.18,0.8,5.38,2019/12/15
13.0,TRXTRON,TRX,935432753.73,0.01403,66682072191,1025255094.27,0.01,0.62,4.3,2019/12/15
14.0,XMRMonero,XMR,883861446.02,50.92,17356155,104854858.91,0.1,0.98,5.71,2019/12/15
15.0,LEOUNUS SED LEO,LEO,875206828.34,0.8756,999498893,6669408.26,0.1,0.64,4.04,2019/12/15
16.0,ATOMCosmos,ATOM,857024369.53,4.4944,190688439,230817887.47,0.39,5.94,14.62,2019/12/15
17.0,LINKChainlink,LINK,730394059.43,2.0868,350000000,114518248.13,0.47,3.93,1.73,2019/12/15
18.0,HTHuobi Token,HT,657605992.03,2.7254,241284047,122494595.8,0.12,0.64,3.43,2019/12/15
19.0,NEONeo,NEO,632257321.46,8.9633,70538831,426974844.63,0.03,1.52,1.21,2019/12/15
20.0,999999,999,621545205.01,2.8629,217101154,799349.23,0.05,42.52,4.97,2019/12/15
1.0,BTCBitcoin,BTC,136088022048.89,7511.59,18117075,23134537956.15,1.01,4.52,5.47,2019/12/22
2.0,ETHEthereum,ETH,14428651183.04,132.37,109000352,9121058480.87,0.02,3.32,7.13,2019/12/22
3.0,XRPXRP,XRP,8532972545.85,0.197,43319477613,1261599020.83,0.21,1.77,9.36,2019/12/22
4.0,USDTTether,USDT,4124011171.29,1.0039,4108044456,26913344235.63,0.18,0.14,0.16,2019/12/22
5.0,BCHBitcoin Cash,BCH,3575561678.56,196.66,18181275,1549039085.22,0.16,4.86,4.9,2019/12/22
6.0,LTCLitecoin,LTC,2672823095.24,41.97,63691432,3141032975.93,0.0,4.84,3.68,2019/12/22
7.0,EOSEOS,EOS,2402901553.75,2.5414,945485663,1641276178.14,0.18,3.01,1.04,2019/12/22
8.0,BNBBinance Coin,BNB,2151987386.59,13.84,155536713,204111889.99,0.69,3.29,4.23,2019/12/22
9.0,BSVBitcoin SV,BSV,1590712640.58,88.04,18068415,389220983.2,0.1,3.27,5.34,2019/12/22
10.0,XTZTezos,XTZ,1018816410.23,1.4676,694191974,50459429.45,0.18,1.44,12.39,2019/12/22
11.0,TRXTRON,TRX,994421661.05,0.01491,66682072191,1319603646.54,0.11,9.72,6.62,2019/12/22
12.0,XLMStellar,XLM,948508443.82,0.0473,20054779554,192185818.21,0.22,2.05,8.04,2019/12/22
13.0,ADACardano,ADA,893609680.12,0.03447,25927070538,24856105.51,0.45,3.49,5.38,2019/12/22
14.0,LEOUNUS SED LEO,LEO,875067257.55,0.8755,999498893,6914892.11,0.44,1.87,0.11,2019/12/22
15.0,MINMINDOL,MIN,832872265.89,4.8828,170571519,3189146.75,0.65,4.29,28.13,2019/12/22
16.0,XMRMonero,XMR,824143648.6,47.46,17366506,119713579.9,0.26,4.2,6.53,2019/12/22
17.0,ATOMCosmos,ATOM,814002309.4,4.2688,190688439,119057894.64,1.58,4.14,3.42,2019/12/22
18.0,999999,999,775012841.65,3.5698,217101154,384232.4,0.03,3.31,22.13,2019/12/22
19.0,HTHuobi Token,HT,689495068.22,2.8576,241284047,134255821.17,0.58,1.61,5.49,2019/12/22
20.0,LINKChainlink,LINK,677398756.24,1.9354,350000000,120076955.32,0.51,3.18,6.58,2019/12/22
1.0,BTCBitcoin,BTC,134570835775.06,7422.65,18129750,22445257701.74,0.65,1.34,1.08,2019/12/29
2.0,ETHEthereum,ETH,14698483422.09,134.76,109073191,9708776785.73,1.03,4.91,1.29,2019/12/29
3.0,XRPXRP,XRP,8536136120.35,0.1971,43319477613,1176573822.08,0.54,1.92,0.25,2019/12/29
4.0,USDTTether,USDT,4125339508.86,1.0042,4108044456,26657374931.75,0.53,0.16,0.1,2019/12/29
5.0,BCHBitcoin Cash,BCH,3874556156.19,212.96,18194175,1856273466.95,0.77,2.95,8.64,2019/12/29
6.0,LTCLitecoin,LTC,2783708411.61,43.67,63743219,3573796558.17,0.73,1.88,3.65,2019/12/29
7.0,EOSEOS,EOS,2548344835.55,2.6925,946461537,1728744338.66,0.72,2.14,5.69,2019/12/29
8.0,BNBBinance Coin,BNB,2200851434.24,14.15,155536713,225354585.04,0.06,3.25,2.6,2019/12/29
9.0,BSVBitcoin SV,BSV,1813274573.35,100.36,18068415,569875111.32,0.43,6.13,13.47,2019/12/29
10.0,XLMStellar,XLM,926843557.23,0.04622,20054779554,148653161.38,0.12,2.42,1.07,2019/12/29
11.0,TRXTRON,TRX,916441896.99,0.01374,66682072191,1090566659.99,0.94,1.72,8.1,2019/12/29
12.0,XTZTezos,XTZ,911327053.77,1.3128,694191974,45413699.33,0.13,1.52,11.12,2019/12/29
13.0,ADACardano,ADA,888882223.76,0.03428,25927070538,23696263.28,0.85,2.09,0.22,2019/12/29
14.0,LEOUNUS SED LEO,LEO,823580467.65,0.824,999498893,6545581.67,0.73,1.06,5.23,2019/12/29
15.0,ATOMCosmos,ATOM,813804080.92,4.2677,190688439,125572029.06,0.19,3.79,1.47,2019/12/29
16.0,XMRMonero,XMR,813746410.83,46.83,17376880,90219027.37,0.64,2.67,1.03,2019/12/29
17.0,HTHuobi Token,HT,678721856.55,2.813,241284047,106362519.72,0.83,0.57,1.12,2019/12/29
18.0,LINKChainlink,LINK,665841558.77,1.9024,350000000,53574998.15,0.59,1.2,1.75,2019/12/29
19.0,NEONeo,NEO,652749972.22,9.2538,70538831,440624014.56,0.8,5.24,3.8,2019/12/29
20.0,MINMINDOL,MIN,638796576.01,3.7511,170295785,2764048.74,2.0,5.36,22.93,2019/12/29
